tenure,monthly_charges,support_tickets,usage,churn
52,884,0,18,1
15,1781,9,35,1
61,1039,9,52,1
21,435,2,15,1
24,1662,0,63,1
3,413,2,53,0
22,284,1,91,0
53,993,1,81,0
2,1967,8,66,1
30,284,7,31,1
38,1712,0,61,1
2,264,3,64,0
64,1869,0,98,1
60,862,0,34,0
21,826,3,55,0
33,263,1,59,0
58,1566,2,3,1
22,1138,8,17,1
49,1118,1,78,0
59,1575,3,78,1
42,1381,0,46,0
60,1812,1,38,1
15,690,4,35,0
62,1881,9,1,1
62,1686,0,29,1
47,1448,6,4,1
62,512,3,61,0
51,814,5,97,0
55,1118,7,17,1
64,1012,5,28,0
3,1139,1,50,0
51,1689,0,90,1
7,1311,7,8,1
21,1526,7,34,1
39,879,8,59,1
18,634,5,18,1
4,881,0,95,0
60,1358,8,59,1
14,1273,2,27,0
9,1655,5,16,1
53,539,9,10,1
2,546,9,76,1
60,845,8,22,1
71,1570,2,16,1
44,848,4,12,1
8,444,4,75,0
47,308,9,84,1
35,732,6,51,1
36,1313,3,1,1
50,495,3,27,0
4,311,6,67,1
2,1812,8,12,1
6,1400,3,30,0
54,542,3,9,1
4,1883,5,53,1
54,300,5,61,0
63,1981,6,54,1
18,828,0,37,0
44,1827,2,65,1
34,1624,8,42,1
62,227,5,49,0
14,1136,5,4,1
48,1760,4,64,1
15,257,2,79,0
62,1721,4,51,1
40,496,0,91,0
53,333,2,72,0
24,1554,3,60,1
26,448,4,87,0
60,1220,9,79,1
41,749,8,91,1
29,1101,3,31,0
15,1298,2,72,0
45,1877,9,94,1
65,1033,0,58,0
71,1391,9,82,1
9,970,5,4,1
1,1726,6,22,1
8,1578,9,3,1
63,1448,7,79,1
11,1887,0,99,1
8,1754,3,47,1
35,345,4,38,0
35,1464,1,33,0
33,1092,0,78,0
5,543,7,48,1
41,1972,5,65,1
28,1258,4,26,0
7,901,8,8,1
12,200,1,50,0
34,352,9,80,1
33,628,7,38,1
48,707,9,10,1
23,1349,8,42,1
62,690,0,37,0
37,1705,6,26,1
44,544,7,92,1
35,1961,2,12,1
65,420,3,84,0
47,922,2,49,0
3,1248,6,14,1
1,727,8,46,1
5,1405,2,35,0
14,1722,5,29,1
27,1040,7,12,1
9,1864,5,82,1
15,1265,1,44,0
42,680,6,66,1
51,1129,1,2,1
63,1971,1,59,1
52,1071,1,17,1
4,1662,0,10,1
23,1625,0,18,1
15,1769,6,22,1
43,544,4,83,0
29,244,2,58,0
36,1869,0,53,1
13,220,9,1,1
32,1857,5,88,1
71,1293,0,61,0
59,1072,8,89,1
28,247,1,31,0
66,1714,0,31,1
42,750,6,66,1
45,486,5,19,1
62,1201,5,53,0
57,1233,4,76,0
6,741,3,74,0
28,955,3,95,0
28,473,2,22,0
44,1155,9,23,1
30,799,7,87,1
62,1979,6,15,1
62,580,8,26,1
1,1552,0,3,1
27,678,6,87,1
62,214,9,20,1
3,715,3,40,0
70,390,6,39,1
27,1391,0,72,0
9,1744,4,18,1
62,820,2,41,0
37,1360,4,70,0
51,353,3,27,0
44,1611,1,15,1
24,1432,3,37,0
59,471,2,58,0
32,342,0,5,1
52,1834,9,73,1
62,1292,7,7,1
58,446,4,41,0
52,1484,3,84,0
12,987,9,10,1
39,278,4,62,0
2,1881,3,26,1
3,822,2,68,0
56,1993,4,24,1
59,1828,3,78,1
2,724,0,41,0
2,971,2,65,0
54,1137,9,17,1
1,1844,9,24,1
19,1553,7,27,1
2,1412,6,7,1
53,1318,1,73,0
44,816,0,99,0
32,1231,2,12,1
70,266,4,85,0
32,1719,9,3,1
68,390,0,79,0
55,1589,2,85,1
56,967,2,10,1
17,720,4,33,0
38,1189,2,46,0
24,1340,8,59,1
69,466,0,52,0
70,1834,3,6,1
11,684,9,2,1
16,1732,9,29,1
59,1521,3,40,1
70,1387,0,97,0
3,575,1,61,0
20,852,0,68,0
59,1491,5,68,0
36,748,2,29,0
19,1297,6,62,1
67,1731,4,60,1
19,272,8,84,1
20,507,6,41,1
71,398,3,87,0
52,1353,4,82,0
33,1981,4,89,1
40,771,4,65,0
39,990,9,64,1
1,1838,8,79,1
11,1710,9,63,1
57,1374,2,98,0
50,1892,5,48,1
23,1429,7,20,1
31,378,8,37,1
42,396,6,64,1
7,934,2,91,0
16,288,0,86,0
60,998,3,5,1
2,1657,5,34,1
1,987,2,39,0
48,947,0,67,0
12,1406,5,81,0
69,408,0,62,0
37,692,8,88,1
32,1353,0,24,0
9,864,5,3,1
19,1236,0,71,0
48,1857,6,89,1
3,1070,2,67,0
20,931,5,79,0
24,1329,6,93,1
54,1598,0,50,1
33,1805,0,29,1
24,1930,4,74,1
36,897,5,32,0
38,1322,8,87,1
25,793,0,39,0
18,1810,3,9,1
66,1085,9,14,1
54,1051,7,68,1
35,1415,9,64,1
61,524,8,20,1
41,1178,2,28,0
33,1949,1,14,1
68,1155,3,44,0
33,1690,1,98,1
14,1093,0,77,0
21,1590,2,95,1
48,1541,6,97,1
20,343,0,39,0
8,583,1,28,0
7,415,0,64,0
67,1584,7,89,1
17,523,4,32,0
33,1238,7,9,1
48,416,2,28,0
59,1715,6,95,1
22,1150,7,17,1
30,1770,5,87,1
38,382,6,77,1
51,469,1,55,0
54,1144,7,10,1
8,1690,4,80,1
27,1069,6,6,1
27,1835,0,48,1
21,1742,4,75,1
30,1765,0,67,1
28,666,7,92,1
64,504,3,41,0
69,1367,3,79,0
61,310,1,60,0
48,1213,4,77,0
19,431,0,42,0
4,1914,8,81,1
35,1807,4,71,1
64,1945,5,28,1
49,1955,1,13,1
17,1815,9,81,1
44,1723,9,15,1
30,794,0,36,0
46,1777,3,92,1
6,1496,6,15,1
37,1926,5,75,1
24,372,9,56,1
46,1172,0,95,0
53,1230,0,4,1
60,1378,7,99,1
63,1745,3,98,1
32,745,4,52,0
33,747,6,91,1
67,717,7,10,1
18,1113,9,94,1
25,414,6,45,1
54,333,1,84,0
58,484,3,29,0
67,1349,9,53,1
46,1662,0,29,1
24,885,9,23,1
32,1375,8,57,1
47,530,2,50,0
23,1761,2,21,1
66,1606,9,43,1
27,1338,8,10,1
2,1093,9,76,1
17,1705,2,30,1
33,1507,7,51,1
9,1098,1,33,0
43,1298,2,18,1
48,1389,1,78,0
39,1412,0,22,0
42,277,1,64,0
26,1146,7,21,1
50,1825,8,1,1
25,887,1,15,1
24,220,6,36,1
13,765,4,47,0
60,1407,2,54,0
7,1445,8,86,1
57,1026,5,32,0
36,1551,0,58,1
45,378,4,46,0
20,1335,6,54,1
65,1959,3,33,1
8,1949,7,39,1
16,1282,9,23,1
14,1550,4,43,1
15,1104,8,55,1
66,1844,8,2,1
32,868,8,66,1
63,390,0,38,0
51,1423,1,29,0
25,1535,2,67,1
58,907,3,71,0
63,1258,9,36,1
62,578,8,29,1
22,586,9,37,1
58,1981,5,87,1
58,436,0,45,0
49,815,8,16,1
52,1742,5,31,1
42,482,3,34,0
70,200,3,50,0
15,1954,2,65,1
54,663,6,82,1
60,1453,2,62,0
8,1166,1,43,0
53,371,9,56,1
60,1310,7,15,1
5,1776,3,48,1
68,1346,7,49,1
6,1042,0,81,0
47,1521,4,44,1
55,889,8,10,1
40,774,0,20,0
52,1707,3,70,1
16,364,5,8,1
13,1922,9,45,1
30,582,7,34,1
19,408,2,96,0
17,1962,4,51,1
63,1655,6,4,1
19,1612,0,39,1
58,1783,6,84,1
55,423,7,24,1
62,202,7,88,1
23,571,8,55,1
9,1910,5,26,1
12,1669,5,25,1
1,810,1,36,0
58,315,2,71,0
1,1493,3,74,0
34,646,3,58,0
48,1591,7,12,1
1,1476,0,1,1
16,1540,9,50,1
61,614,3,25,0
64,1318,3,80,0
63,1091,0,5,1
69,1247,2,83,0
22,1851,4,68,1
67,862,5,6,1
26,1273,8,26,1
16,1725,8,55,1
51,917,8,39,1
57,1721,0,9,1
29,1558,8,45,1
69,1302,7,14,1
47,1805,1,55,1
62,1250,0,9,1
69,470,0,15,1
16,761,5,37,0
48,1003,8,50,1
39,446,6,84,1
33,1999,4,72,1
23,1814,1,96,1
10,586,0,21,0
69,901,1,57,0
34,758,0,19,1
52,1172,2,93,0
10,1584,5,58,1
19,1183,7,95,1
58,1711,2,6,1
1,551,9,4,1
69,1924,8,43,1
4,1479,9,93,1
16,1445,4,42,0
24,952,6,3,1
2,980,7,1,1
32,1224,2,55,0
24,745,1,15,1
12,1669,1,47,1
50,278,4,85,0
35,1459,0,46,0
33,533,1,58,0
33,1088,8,95,1
61,1572,6,71,1
51,1321,5,81,0
43,1305,8,83,1
12,701,6,39,1
67,1700,4,3,1
65,1927,8,30,1
33,964,5,35,0
40,1120,5,57,0
43,749,3,29,0
44,213,0,50,0
29,591,4,62,0
13,1570,8,52,1
12,509,7,14,1
46,585,7,35,1
2,1432,4,28,0
35,1580,8,58,1
8,1173,2,30,0
26,1824,2,90,1
34,1791,0,7,1
7,1317,8,39,1
68,1316,5,95,0
58,539,1,69,0
29,796,7,35,1
36,1668,8,52,1
21,956,8,14,1
36,1245,1,63,0
10,490,1,36,0
24,1708,6,91,1
64,505,3,24,0
49,833,0,40,0
36,1351,7,29,1
24,824,1,53,0
23,1138,2,22,0
62,1496,4,72,0
37,1047,2,15,1
12,641,6,69,1
55,702,6,64,1
13,329,1,4,1
23,1355,6,75,1
30,796,5,18,1
17,1705,9,42,1
62,1061,8,30,1
13,1613,8,15,1
59,792,1,70,0
19,1198,6,55,1
49,524,4,53,0
12,1292,5,16,1
61,1883,0,73,1
19,647,6,34,1
9,1751,5,27,1
71,1018,3,13,1
28,1840,0,27,1
52,1388,8,73,1
16,1711,3,69,1
69,1936,1,86,1
12,908,7,31,1
25,1649,1,3,1
52,1920,4,30,1
53,464,5,21,0
23,811,7,99,1
16,1565,0,6,1
57,1031,0,92,0
39,1949,3,32,1
53,1501,4,42,1
42,873,8,62,1
58,1662,6,89,1
39,356,6,32,1
14,1645,7,99,1
5,450,4,86,0
35,1077,4,88,0
18,1832,0,39,1
9,729,8,64,1
58,526,5,30,0
17,1160,8,63,1
7,1094,2,96,0
46,296,4,31,0
13,712,1,87,0
40,415,9,40,1
42,1355,4,33,0
9,1483,7,63,1
50,324,1,25,0
27,1305,7,36,1
66,1506,3,24,1
5,1906,9,95,1
29,258,9,58,1
37,1767,0,39,1
38,360,4,46,0
8,483,0,77,0
65,305,6,10,1
17,1328,7,87,1
71,1662,2,82,1
45,427,2,32,0
4,1923,6,97,1
36,1805,3,36,1
70,517,2,28,0
31,1687,7,16,1
19,1001,2,16,1
61,1822,6,18,1
54,1073,1,8,1
39,671,0,80,0
19,1279,5,75,0
39,824,7,70,1
67,212,0,1,1
45,1663,9,62,1
13,1241,8,76,1
58,893,2,38,0
20,1172,2,92,0
61,312,3,45,0
39,428,0,58,0
1,370,8,81,1
3,494,2,1,1
62,388,9,32,1
63,625,3,8,1
25,1176,0,40,0
56,1302,3,56,0
33,857,0,63,0
38,1118,4,88,0
6,1405,4,74,0
58,698,6,74,1
44,961,7,36,1
45,1065,3,89,0
32,1025,6,57,1
45,1931,3,74,1
61,270,2,83,0
47,447,5,45,0
21,345,3,79,0
36,1841,2,80,1
19,1998,8,2,1
20,1519,4,93,1
57,781,6,68,1
18,669,5,50,0
47,1729,9,29,1
49,392,4,95,0
14,1291,6,81,1
15,693,5,10,1
31,251,9,27,1
1,1081,1,15,1
54,562,2,60,0
3,1116,1,31,0
16,673,2,21,0
57,720,0,60,0
12,1986,7,58,1
16,1654,5,41,1
24,1521,1,46,1
28,1658,7,45,1
8,1919,5,26,1
36,890,6,51,1
8,1421,0,36,0
58,1351,6,52,1
60,731,2,81,0
50,1634,7,51,1
28,1039,5,3,1
41,1288,3,14,1
64,1917,7,49,1
27,440,8,77,1
63,1592,9,91,1
17,735,1,1,1
33,1607,5,57,1
29,1654,4,17,1
13,282,4,50,0
46,1181,9,98,1
35,1920,2,14,1
6,1150,7,59,1
69,810,7,81,1
47,773,4,3,1
25,485,7,98,1
66,1188,9,40,1
10,1757,7,89,1
56,658,2,66,0
30,1435,1,34,0
5,325,8,90,1
33,1636,1,95,1
65,1722,8,9,1
18,624,3,94,0
49,753,1,84,0
11,809,9,21,1
26,1766,0,93,1
63,1381,3,25,0
59,311,8,44,1
27,601,8,25,1
49,1982,3,9,1
33,321,8,62,1
1,472,5,26,0
21,1517,0,57,1
55,597,9,37,1
6,670,5,16,1
69,1184,8,37,1
5,1430,1,76,0
3,1333,5,24,0
53,1663,1,26,1
23,1501,3,20,1
53,1791,7,9,1
37,768,6,87,1
17,1705,8,29,1
1,1337,6,31,1
51,1096,0,19,1
45,1019,1,20,0
4,1052,5,87,0
62,1700,6,27,1
65,909,2,94,0
32,520,8,85,1
34,378,6,44,1
39,1096,5,35,0
26,418,5,71,0
34,988,0,22,0
54,1751,4,74,1
3,691,9,87,1
50,260,2,15,1
12,1277,6,94,1
65,1903,9,98,1
54,737,2,13,1
5,1047,4,4,1
57,1187,6,82,1
17,264,2,56,0
47,1835,9,23,1
23,785,1,97,0
14,1927,5,98,1
66,370,7,34,1
51,1496,3,99,0
38,1922,8,17,1
64,734,7,28,1
38,1614,6,14,1
50,892,6,34,1
30,1550,2,75,1
51,307,5,57,0
63,1385,4,77,0
52,1013,0,97,0
38,1204,2,55,0
30,651,0,66,0
51,1429,3,98,0
5,789,9,93,1
29,1239,2,37,0
4,526,3,68,0
10,807,8,76,1
56,858,2,26,0
17,201,5,61,0
17,1233,5,92,0
69,633,6,67,1
34,324,8,84,1
6,1304,6,74,1
53,684,0,52,0
66,851,7,18,1
43,1373,4,53,0
23,999,8,63,1
55,1072,9,53,1
16,1563,4,27,1
8,328,4,31,0
4,637,1,91,0
4,950,2,1,1
56,700,9,6,1
25,1281,8,11,1
67,1421,6,34,1
67,410,0,84,0
27,1101,2,63,0
32,244,1,53,0
50,1320,0,85,0
61,1502,8,85,1
51,734,7,18,1
19,1633,4,21,1
21,660,1,19,1
5,590,0,4,1
42,1267,6,77,1
61,226,1,82,0
22,993,0,29,0
21,1320,1,25,0
70,1174,6,56,1
1,747,6,77,1
5,820,9,63,1
12,766,5,27,0
46,903,4,60,0
34,1442,2,83,0
49,384,2,49,0
45,1292,8,65,1
27,1353,3,38,0
26,1790,8,83,1
47,1832,3,52,1
56,1047,1,1,1
63,798,3,40,0
48,1005,5,81,0
61,1854,5,21,1
26,1943,4,86,1
36,1557,0,15,1
1,1377,2,50,0
8,1770,4,48,1
52,278,5,32,0
47,778,0,49,0
56,612,8,68,1
14,745,2,45,0
28,1832,9,32,1
2,368,2,4,1
26,880,1,65,0
14,1886,7,97,1
59,782,2,71,0
56,714,5,73,0
7,1537,1,65,1
3,231,6,80,1
23,486,3,18,1
18,793,8,54,1
38,1266,9,47,1
15,816,8,6,1
64,1224,6,66,1
28,1796,7,9,1
39,469,2,68,0
57,1403,4,23,0
17,1959,1,43,1
44,717,9,51,1
25,1326,6,72,1
17,1233,7,25,1
13,782,8,80,1
25,1313,6,35,1
68,425,9,17,1
10,869,9,18,1
67,1963,7,27,1
18,1116,8,15,1
34,325,5,81,0
8,1155,9,69,1
40,1432,1,80,0
42,1320,1,15,1
41,273,3,42,0
6,1850,8,34,1
52,1414,6,48,1
26,1905,1,83,1
64,1939,7,8,1
59,255,6,10,1
56,919,8,5,1
59,752,7,48,1
70,231,2,26,0
33,1750,0,86,1
53,773,1,23,0
22,866,1,62,0
21,483,3,13,1
70,1944,5,9,1
70,1717,3,20,1
4,386,8,92,1
62,697,3,57,0
62,1665,5,24,1
24,329,5,33,0
55,838,9,20,1
9,1515,9,60,1
3,313,0,48,0
31,1422,7,64,1
40,212,2,30,0
36,1494,5,73,0
24,1824,2,17,1
6,1438,1,14,1
66,643,4,19,1
4,1735,0,71,1
6,646,8,59,1
51,1185,6,67,1
62,1192,2,97,0
57,914,3,44,0
66,273,5,32,0
8,736,2,11,1
26,300,6,2,1
51,375,5,90,0
45,626,8,68,1
44,1340,4,17,1
5,1389,3,81,0
70,240,2,92,0
26,628,9,94,1
68,543,0,40,0
19,1647,2,87,1
20,565,2,46,0
12,1343,6,88,1
47,808,6,93,1
1,856,0,4,1
14,927,2,38,0
64,428,7,63,1
38,1024,8,29,1
37,1353,6,19,1
11,1575,6,91,1
3,1088,7,29,1
33,1541,5,35,1
6,1183,2,70,0
50,1872,0,23,1
10,1035,6,46,1
5,1560,0,44,1
23,1496,0,48,0
10,316,8,52,1
44,1017,9,8,1
2,567,6,55,1
13,1317,3,66,0
40,367,5,77,0
2,1153,0,40,0
65,1938,6,85,1
63,1564,5,31,1
17,860,3,48,0
9,894,6,61,1
15,1124,2,52,0
24,351,0,38,0
38,785,3,91,0
35,1112,2,36,0
49,473,0,87,0
69,1777,1,55,1
62,695,4,85,0
60,1947,7,13,1
50,300,0,37,0
9,756,3,47,0
34,1305,3,90,0
35,1752,4,71,1
1,272,6,22,1
40,1237,7,39,1
64,1656,5,87,1
22,356,0,58,0
60,934,6,30,1
64,331,2,18,1
11,1561,5,18,1
14,1218,7,74,1
60,1627,6,39,1
30,1599,9,94,1
35,758,5,26,0
37,306,8,71,1
5,1843,8,7,1
26,464,0,69,0
62,1428,0,65,0
4,1302,0,46,0
42,354,7,18,1
18,1187,9,13,1
40,1196,6,25,1
39,446,2,8,1
14,730,1,74,0
32,1057,3,32,0
51,737,2,17,1
38,928,6,79,1
23,1377,9,79,1
63,353,7,48,1
15,1909,5,63,1
25,291,2,40,0
17,1656,5,84,1
66,537,1,15,1
53,1703,6,99,1
51,1916,9,6,1
39,1354,6,94,1
51,649,3,63,0
70,1009,7,8,1
6,986,3,95,0
67,472,6,32,1
7,787,3,45,0
51,376,4,52,0
42,1919,6,79,1
64,1030,9,82,1
15,842,2,13,1
29,1272,9,24,1
33,766,4,40,0
27,865,2,14,1
36,1578,4,92,1
29,1935,2,75,1
38,1531,9,70,1
57,1067,6,62,1
27,1853,0,89,1
55,1998,8,61,1
33,1269,8,1,1
68,501,4,89,0
66,1067,8,66,1
10,1111,9,32,1
5,607,5,13,1
38,1412,4,33,0
13,1021,2,32,0
31,1352,7,56,1
47,760,3,24,0
52,1760,9,91,1
56,1489,2,4,1
15,1341,5,88,0
29,663,7,23,1
8,343,8,29,1
5,641,5,98,0
29,1423,4,21,0
47,1380,1,30,0
68,686,1,90,0
45,1059,8,20,1
2,1357,1,16,1
27,347,1,67,0
36,1559,2,49,1
36,1294,2,58,0
26,1456,3,44,0
43,1557,6,25,1
27,1010,8,23,1
69,865,1,59,0
20,289,3,1,1
11,1557,8,97,1
38,398,1,15,1
6,1384,9,81,1
23,737,0,98,0
47,1344,9,81,1
46,500,7,52,1
12,923,8,58,1
13,1798,6,41,1
62,1162,7,44,1
60,1659,3,4,1
43,267,3,77,0
68,1988,1,68,1
5,658,7,7,1
37,1737,1,46,1
31,597,8,9,1
9,819,3,87,0
51,1509,0,33,1
29,1784,3,33,1
40,1363,2,84,0
41,929,5,4,1
11,755,6,65,1
23,980,7,34,1
1,1813,1,91,1
46,1951,5,85,1
21,1093,5,88,0
36,809,9,79,1
54,947,4,99,0
57,481,9,64,1
1,860,9,25,1
63,1123,6,55,1
54,1195,2,9,1
55,1801,3,17,1
40,945,9,21,1
15,1680,8,60,1
21,286,3,13,1
47,1302,2,3,1
53,1428,1,68,0
9,990,4,4,1
52,1560,3,92,1
57,1477,7,7,1
26,503,6,26,1
41,1603,5,75,1
35,329,1,24,0
63,795,2,10,1
25,1499,9,13,1
38,1922,8,44,1
2,757,8,39,1
7,1098,4,19,1
34,1406,2,51,0
17,1491,1,19,1
43,1545,7,76,1
59,1735,5,52,1
51,1835,9,86,1
54,277,6,47,1
24,983,0,30,0
25,1562,0,46,1
71,873,9,76,1
52,1779,1,93,1
70,1732,9,21,1
33,437,2,75,0
49,1357,0,48,0
29,1415,4,62,0
63,1579,2,58,1
22,477,0,18,1
26,1241,7,59,1
28,723,5,91,0
49,379,8,48,1
71,322,2,63,0
49,1469,8,12,1
20,1957,8,87,1
63,1596,0,34,1
61,1274,2,61,0
49,1294,5,87,0
71,679,7,53,1
1,1783,3,25,1
13,1242,4,62,0
51,1997,8,4,1
56,283,5,94,0
62,1378,6,94,1
32,764,6,13,1
30,818,3,42,0
29,556,3,49,0
49,1015,3,78,0
45,846,4,56,0
30,642,4,47,0
16,1292,7,8,1
40,722,8,55,1
19,342,1,88,0
18,391,6,18,1
1,1610,0,35,1
47,577,0,89,0
66,780,3,81,0
38,734,9,32,1
51,1916,6,24,1
63,1516,1,7,1
4,1232,1,13,1
1,1494,0,91,0
8,1610,9,69,1
29,292,1,90,0
55,728,6,42,1
3,1377,8,31,1
32,604,5,74,0
10,1039,9,26,1
34,1372,1,86,0
55,1088,9,76,1
32,1490,9,32,1
50,621,8,91,1
7,1841,6,97,1
8,671,0,52,0
65,1092,8,20,1
57,746,1,40,0
67,830,3,59,0
59,1749,8,77,1
54,1726,3,14,1
67,1237,2,44,0
51,977,0,86,0
8,1875,6,82,1
34,563,5,48,0
35,318,9,93,1
32,1461,3,43,0
46,745,5,16,1
16,1392,5,35,0
68,721,3,53,0
37,833,5,34,0
54,1880,9,3,1
14,1162,7,68,1
55,1157,2,5,1
48,1958,3,10,1
7,1082,9,52,1
7,1992,0,29,1
33,979,3,96,0
23,1070,9,31,1
19,715,9,66,1
19,1137,8,76,1
36,1620,7,91,1
29,1065,3,69,0
60,305,6,37,1
2,1308,9,27,1
1,413,2,87,0
47,1344,8,33,1
69,1355,9,68,1
20,1049,3,59,0
11,396,1,64,0
2,218,9,85,1
67,841,4,88,0
12,1235,1,44,0
20,1304,9,95,1
5,529,5,88,0
37,1065,9,49,1
38,973,0,53,0
9,591,5,74,0
53,836,3,49,0
44,506,2,66,0
24,1490,1,95,0
30,1670,6,63,1
59,1664,8,25,1
14,1094,2,4,1
9,851,5,51,0
40,1040,8,11,1
66,1225,1,17,1
25,719,6,66,1
22,1985,4,70,1
4,1874,4,73,1
26,835,6,69,1
58,1532,8,84,1
29,939,3,29,0
37,1745,8,85,1
70,668,9,73,1
18,411,8,92,1
42,1335,3,72,0
41,1231,2,95,0
38,1003,1,20,0
34,676,8,27,1
17,1073,1,8,1
37,659,5,85,0
25,452,4,61,0
27,1749,4,28,1
57,951,3,87,0
31,1661,5,70,1
6,1977,4,3,1
40,1180,3,69,0
12,1053,8,73,1
53,1884,5,7,1
71,435,9,60,1
10,1529,9,4,1
45,677,9,5,1
17,878,2,11,1
26,1243,9,15,1
62,415,5,64,0
46,1054,0,98,0
64,334,4,13,1
2,1104,9,7,1
54,1352,5,6,1
65,609,7,56,1
51,1645,8,64,1
53,1517,2,50,1
36,1469,1,30,0
26,1924,3,22,1
29,1779,7,25,1
21,285,7,28,1
11,755,2,84,0
40,1598,3,39,1
11,1669,2,67,1
36,577,9,5,1
59,1613,1,65,1
39,1880,3,15,1
54,1274,5,90,0
55,441,4,67,0
24,1517,2,40,1
22,1119,1,98,0
69,1786,8,69,1
56,465,0,95,0
33,1343,8,77,1
36,911,0,43,0
20,1471,6,1,1
62,269,5,22,0
26,256,6,62,1
66,1605,2,79,1
40,238,2,26,0
17,1000,0,18,1
1,1666,3,48,1
61,1241,1,9,1
43,931,9,1,1
42,1024,7,9,1
25,955,2,23,0
39,551,6,45,1
35,1521,6,2,1
3,482,8,14,1
44,1809,5,38,1
51,309,0,40,0
12,1216,7,63,1
19,1403,0,82,0
44,743,2,16,1
59,1969,4,93,1
49,224,7,75,1
61,1042,8,6,1
17,990,6,3,1
57,937,8,14,1
55,256,2,66,0
47,379,4,96,0
12,431,9,95,1
62,542,7,75,1
8,676,0,86,0
21,775,7,67,1
70,654,6,31,1
25,1455,0,33,0
12,488,9,88,1
15,1436,9,1,1
59,457,5,44,0
26,729,0,15,1
26,886,1,37,0
47,1128,4,27,0
32,428,1,48,0
10,1449,9,27,1
16,795,0,12,1
71,634,5,67,0
17,1081,7,30,1
23,1220,7,96,1
26,1981,7,87,1
7,601,5,66,0
14,821,2,7,1
7,1989,0,34,1
9,287,1,32,0
48,783,4,39,0
59,1765,9,96,1
39,1907,4,43,1
18,508,9,43,1
59,1105,0,78,0
17,542,0,3,1
14,635,8,46,1
31,376,1,32,0
24,338,6,43,1
60,393,9,81,1
45,1409,3,3,1
3,1441,6,74,1
37,1387,7,63,1
43,1384,4,40,0
40,1142,0,18,1
55,724,3,67,0
39,1824,9,62,1
15,1265,2,10,1
4,1114,9,52,1
25,409,4,73,0
13,940,9,46,1
33,1061,9,55,1
16,1498,5,46,0
42,1153,1,75,0
66,1502,6,60,1
55,1474,2,97,0
42,1533,0,26,1
34,1943,9,27,1
30,1032,2,38,0
13,339,8,22,1
13,991,9,26,1
18,745,5,86,0
32,1216,5,69,0
39,1753,3,35,1
46,256,7,66,1
29,311,4,99,0
62,204,6,73,1
62,1633,8,51,1
57,1637,4,18,1
16,1405,4,43,0
56,1236,3,12,1
10,1562,5,3,1
30,1482,1,82,0
25,289,2,7,1
5,815,0,97,0
65,1090,1,6,1
49,897,1,82,0
3,1473,7,45,1
45,1478,7,86,1
14,1811,1,39,1
30,1097,5,51,0
68,1170,4,9,1
18,1331,2,99,0
62,867,4,23,0
37,793,4,12,1
25,788,4,88,0
48,684,2,62,0
65,1181,2,73,0
53,1171,3,77,0
15,1481,6,40,1
49,838,1,54,0
68,1196,9,81,1
12,481,3,7,1
59,1185,3,17,1
37,1311,0,50,0
61,1427,9,24,1
43,215,7,2,1
70,1374,0,99,0
39,1135,7,92,1
56,453,6,83,1
63,1411,8,33,1
46,528,7,21,1
11,743,4,74,0
62,982,7,53,1
25,1196,9,46,1
71,1620,2,45,1
52,1740,9,9,1
4,1682,6,6,1
59,1553,3,51,1
20,1044,4,35,0
63,1392,8,82,1
54,1916,6,53,1
57,565,3,19,1
41,1401,5,69,0
3,854,9,25,1
6,1585,6,11,1
5,959,9,74,1
5,838,8,17,1
54,1998,3,36,1
47,1263,9,90,1
49,1123,2,95,0
9,615,7,96,1
20,1578,0,21,1
61,454,8,18,1
35,1366,0,60,0
50,1975,1,18,1
62,1963,7,1,1
17,909,8,14,1
3,776,6,8,1
32,1099,2,66,0
13,210,6,51,1
68,1843,5,79,1
14,225,1,60,0
11,1156,2,34,0
56,620,9,36,1
67,1886,9,62,1
29,1444,4,1,1
9,695,9,85,1
67,1460,3,42,0
25,436,1,1,1
42,1208,3,96,0
9,418,7,84,1
40,1710,4,54,1
25,660,4,47,0
5,862,9,39,1
11,834,2,30,0
59,1367,7,7,1
38,1189,5,22,0
5,388,1,50,0
48,454,1,45,0
18,267,8,74,1
70,815,6,72,1
37,535,9,91,1
60,870,8,10,1
48,1020,5,14,1
28,1073,4,46,0
69,1632,0,75,1
40,499,5,6,1
45,1825,5,21,1
62,556,2,62,0
58,455,2,97,0
67,1207,2,19,1
56,552,2,88,0
40,1955,6,82,1
40,1744,9,99,1
33,723,1,62,0
6,1149,9,83,1
19,955,9,53,1
40,1917,1,24,1
59,483,2,56,0
59,1535,9,62,1
48,298,6,34,1
41,396,2,22,0
13,681,6,68,1
45,1077,8,57,1
53,1449,9,10,1
42,814,3,66,0
63,817,6,8,1
27,1588,8,97,1
38,567,7,38,1
60,769,7,62,1
7,789,8,28,1
5,1298,4,10,1
45,1265,4,45,0
58,621,2,65,0
31,1035,4,98,0
23,1404,7,67,1
42,744,4,9,1
10,270,3,5,1
32,1791,7,10,1
53,1328,6,12,1
30,1423,5,82,0
39,1324,4,58,0
31,967,4,21,0
2,506,9,21,1
12,1809,1,65,1
39,1906,3,3,1
66,576,7,69,1
13,854,7,89,1
46,877,0,64,0
27,598,1,49,0
17,1996,4,72,1
60,420,8,17,1
64,1818,9,73,1
35,381,6,32,1
70,506,9,70,1
30,721,4,21,0
71,1619,0,7,1
63,1213,5,7,1
28,203,7,27,1
60,1062,6,8,1
37,1047,1,73,0
22,1003,4,28,0
68,1504,3,79,1
20,414,8,66,1
68,1171,9,71,1
64,1833,0,47,1
17,1643,5,82,1
12,300,2,86,0
22,1162,8,10,1
17,1744,4,33,1
10,772,5,7,1
65,1532,8,3,1
22,857,8,14,1
50,1138,7,44,1
14,1733,8,46,1
64,1286,3,61,0
47,1856,5,36,1
29,425,4,13,1
36,304,4,16,1
52,971,3,80,0
7,1648,1,5,1
29,1478,5,89,0
11,628,8,38,1
33,633,0,50,0
6,1430,6,38,1
32,1251,5,56,0
51,881,2,63,0
58,1559,0,48,1
26,787,3,90,0
46,1851,8,59,1
29,1292,1,77,0
4,1065,2,44,0
13,945,1,90,0
39,1736,1,55,1
15,1390,9,55,1
29,1063,7,1,1
29,1953,2,8,1
32,567,6,4,1
2,450,7,85,1
47,1058,2,86,0
22,1055,1,53,0
27,1909,7,58,1
67,1393,2,37,0
56,1981,6,49,1
21,1313,0,67,0
47,760,5,19,1
59,1669,8,1,1
6,493,2,29,0
19,1118,6,87,1
57,1373,5,33,0
69,1355,7,52,1
3,632,2,41,0
1,258,2,23,0
58,1168,3,5,1
38,1035,2,71,0
15,398,8,57,1
34,414,3,6,1
61,1097,5,49,0
35,1784,7,22,1
64,671,7,77,1
25,1967,4,76,1
24,446,4,4,1
12,581,5,72,0
18,1190,9,64,1
15,1462,6,37,1
27,1126,9,31,1
60,1590,6,37,1
46,1391,3,45,0
17,759,5,90,0
53,1274,6,8,1
8,1833,4,40,1
27,1951,4,97,1
46,888,1,93,0
50,579,6,5,1
71,673,5,28,0
3,1303,0,81,0
64,896,3,87,0
44,1590,2,9,1
53,1684,2,2,1
24,1110,6,63,1
60,1762,9,96,1
3,1675,3,51,1
20,1687,7,31,1
46,1159,8,7,1
15,677,2,30,0
25,1203,4,58,0
71,1125,3,3,1
17,1643,9,51,1
9,906,5,56,0
38,1437,9,73,1
48,1592,3,10,1
60,1053,7,61,1
63,1337,2,50,0
2,1216,4,47,0
11,953,0,90,0
64,702,5,1,1
21,1859,4,94,1
18,1016,7,57,1
64,787,8,38,1
38,1534,7,62,1
32,1692,7,79,1
11,907,2,89,0
45,1267,3,70,0
33,1638,3,82,1
41,1921,4,65,1
8,1469,8,62,1
11,1307,8,56,1
51,406,9,67,1
41,350,0,17,1
17,867,7,8,1
46,727,0,60,0
32,364,1,40,0
54,1116,6,81,1
20,1368,7,89,1
33,1209,0,62,0
40,236,2,41,0
32,532,6,12,1
2,602,8,93,1
33,613,7,89,1
30,244,7,54,1
33,1625,8,89,1
26,405,9,93,1
22,261,2,11,1
66,619,7,60,1
38,1067,0,68,0
46,1691,7,78,1
15,1019,6,46,1
44,218,7,38,1
49,564,0,61,0
61,1523,5,17,1
67,1230,6,66,1
6,1984,4,72,1
9,627,4,36,0
6,1340,6,74,1
32,779,2,7,1
41,1730,5,16,1
8,745,6,14,1
50,1929,0,80,1
62,524,1,25,0
62,254,3,4,1
7,977,7,29,1
4,1191,9,56,1
6,241,5,6,1
58,1520,0,1,1
22,430,9,39,1
26,652,4,1,1
3,593,6,63,1
41,1745,5,57,1
60,1581,8,67,1
14,1667,7,65,1
12,1351,3,65,0
12,890,4,21,0
13,1628,6,30,1
25,591,7,96,1
45,1416,4,33,0
19,803,8,48,1
55,1080,9,22,1
45,1966,3,94,1
8,1301,3,54,0
53,284,7,4,1
55,1253,0,87,0
32,1948,7,55,1
51,248,4,44,0
44,1368,0,89,0
70,268,3,12,1
18,1281,1,81,0
22,896,3,79,0
37,1797,7,74,1
56,678,4,99,0
59,1019,0,52,0
3,1668,6,93,1
28,1519,0,76,1
35,1901,8,65,1
61,1394,2,65,0
54,1798,2,10,1
63,346,5,18,1
7,1707,9,47,1
49,1529,5,66,1
31,1896,5,49,1
58,1876,0,72,1
61,1215,4,22,0
24,808,5,86,0
20,645,7,26,1
37,420,0,90,0
4,1778,4,9,1
20,1601,2,21,1
60,1843,1,95,1
24,1489,7,63,1
50,294,6,6,1
49,461,9,14,1
51,1096,6,33,1
36,1294,4,71,0
66,418,8,24,1
34,1756,4,73,1
36,291,1,75,0
6,326,2,87,0
39,279,3,51,0
42,1461,4,2,1
58,1182,2,15,1
12,1595,6,35,1
3,1115,4,36,0
18,685,4,92,0
40,893,5,39,0
21,224,6,4,1
15,355,9,64,1
26,1740,9,74,1
8,831,7,6,1
42,1753,8,57,1
44,1933,3,30,1
14,1280,4,99,0
2,1828,4,74,1
37,218,7,96,1
69,1607,8,67,1
38,1416,6,90,1
41,436,4,15,1
62,1610,2,17,1
60,1649,0,91,1
14,476,8,18,1
2,1450,4,19,1
70,944,8,76,1
17,751,9,88,1
28,1546,3,69,1
66,1376,4,24,0
35,838,3,91,0
5,436,1,48,0
65,1197,0,30,0
40,254,7,15,1
56,1659,3,47,1
36,883,4,44,0
45,308,5,98,0
23,1407,7,27,1
47,1591,7,84,1
31,1421,6,64,1
11,1594,3,41,1
10,572,5,96,0
67,1172,3,68,0
14,1720,6,5,1
10,1822,0,53,1
1,400,4,8,1
5,1048,9,22,1
20,708,9,7,1
8,1545,3,22,1
43,474,6,46,1
1,410,8,30,1
57,703,4,16,1
64,1341,3,79,0
28,902,8,5,1
37,1777,4,67,1
47,241,8,23,1
37,514,7,61,1
49,987,3,74,0
44,528,6,5,1
56,1240,4,23,0
28,482,9,79,1
6,1142,3,82,0
61,457,4,25,0
20,774,4,8,1
2,773,8,95,1
37,811,8,21,1
20,1242,5,2,1
26,1752,3,22,1
29,1036,1,72,0
1,622,2,87,0
35,1689,1,96,1
70,1596,4,72,1
59,957,5,68,0
69,962,4,64,0
33,1304,1,94,0
51,1774,4,19,1
12,1771,8,87,1
20,623,3,82,0
53,628,9,53,1
43,1611,1,93,1
50,1932,2,87,1
29,1893,2,97,1
57,403,8,52,1
39,395,3,47,0
56,927,0,82,0
43,484,0,54,0
50,395,6,44,1
23,506,6,97,1
44,1887,1,7,1
38,213,8,92,1
23,1369,8,1,1
45,1280,4,63,0
52,922,2,98,0
50,979,2,39,0
8,1433,2,19,1
1,728,5,31,0
8,997,3,77,0
29,543,7,24,1
5,1938,4,69,1
47,1834,0,87,1
34,1502,8,83,1
65,408,0,65,0
55,840,5,33,0
43,1558,0,59,1
30,1511,2,33,1
17,451,9,32,1
26,1488,4,59,0
8,470,9,92,1
47,1119,6,41,1
46,1923,9,12,1
68,618,7,73,1
33,1949,8,11,1
1,994,5,97,0
19,1434,8,19,1
31,1588,7,54,1
14,1299,8,57,1
53,1883,9,42,1
48,1544,3,98,1
69,924,8,71,1
62,632,6,31,1
66,308,4,52,0
64,840,4,2,1
70,1745,0,83,1
63,1270,1,38,0
33,578,9,32,1
41,1319,2,10,1
48,1157,7,8,1
13,302,5,90,0
31,1091,9,94,1
68,1053,4,75,0
4,1369,0,20,0
19,1250,8,20,1
70,1955,2,9,1
13,729,2,72,0
23,878,1,15,1
1,1188,3,98,0
54,1305,1,88,0
71,627,8,97,1
15,1807,9,63,1
65,1021,6,91,1
71,1702,7,21,1
15,1989,2,5,1
21,1385,5,35,0
19,1131,9,85,1
60,1625,5,68,1
33,1731,0,48,1
49,1261,5,80,0
35,710,2,95,0
44,592,2,90,0
11,912,2,62,0
66,693,9,35,1
46,1423,9,70,1
9,1478,7,97,1
3,1402,4,21,0
26,746,3,80,0
48,793,8,39,1
66,588,8,34,1
70,1621,0,15,1
28,1955,1,6,1
26,357,7,66,1
25,1227,4,88,0
12,366,6,56,1
5,1691,0,49,1
48,1159,9,92,1
37,608,4,1,1
44,1635,2,65,1
15,1427,9,28,1
43,393,1,20,0
48,434,1,48,0
70,917,8,72,1
46,1373,3,65,0
43,1382,3,90,0
21,1502,6,51,1
23,1015,9,43,1
47,603,9,49,1
15,1092,1,25,0
25,877,2,74,0
36,1534,2,76,1
51,267,5,41,0
15,1686,2,71,1
68,287,4,64,0
21,416,3,61,0
13,200,2,12,1
19,1358,7,81,1
34,1920,9,69,1
68,1574,2,14,1
52,339,5,34,0
27,817,6,48,1
29,332,6,61,1
28,1843,1,81,1
35,377,2,35,0
8,1009,9,65,1
16,1581,9,59,1
36,579,3,36,0
30,1107,6,79,1
18,857,1,19,1
2,649,2,42,0
49,785,6,69,1
4,662,6,19,1
7,1189,9,39,1
39,1331,2,69,0
13,321,0,52,0
31,216,2,12,1
71,1419,4,83,0
63,526,6,47,1
56,517,3,76,0
42,1008,0,36,0
61,1702,5,63,1
42,1475,1,76,0
56,702,2,82,0
36,318,3,51,0
68,1897,5,43,1
7,909,5,34,0
54,1721,6,97,1
1,1709,4,49,1
44,244,6,18,1
45,513,1,61,0
47,1402,0,57,0
13,617,9,93,1
22,755,7,5,1
21,1301,0,89,0
9,525,1,24,0
26,1913,9,93,1
9,1580,5,64,1
15,1639,0,59,1
10,714,9,38,1
42,413,2,33,0
24,273,6,10,1
49,1786,7,37,1
26,1802,3,97,1
37,708,2,87,0
68,531,0,11,1
50,1316,8,24,1
24,887,9,88,1
19,856,5,71,0
60,1742,5,21,1
39,1492,8,20,1
18,1599,0,10,1
19,1227,5,89,0
36,1361,4,47,0
55,1454,5,47,0
69,799,7,15,1
47,1752,4,44,1
49,1275,1,62,0
33,1869,1,6,1
21,1946,9,66,1
22,524,4,76,0
48,1191,2,4,1
37,1954,9,23,1
15,916,2,13,1
35,922,7,81,1
71,476,6,31,1
32,735,0,16,1
11,1709,4,41,1
10,1739,8,90,1
57,351,3,92,0
25,1154,0,1,1
2,1706,7,12,1
64,458,4,56,0
35,523,1,50,0
7,1216,0,20,0
18,1068,2,66,0
67,1391,8,36,1
42,887,0,79,0
39,509,3,38,0
41,1002,7,22,1
24,1702,7,61,1
60,1279,9,50,1
46,819,7,96,1
19,672,9,59,1
68,1519,7,20,1
42,660,3,36,0
32,1547,7,97,1
39,1013,8,15,1
36,1045,6,62,1
36,1364,1,3,1
3,866,8,93,1
8,461,7,91,1
70,1643,4,5,1
41,1967,2,56,1
68,1464,6,31,1
13,554,1,86,0
49,969,2,35,0
60,1984,8,71,1
2,1812,3,70,1
60,379,3,26,0
5,265,2,1,1
44,1019,4,83,0
27,1571,2,7,1
32,370,8,36,1
21,673,2,76,0
8,733,1,84,0
50,1590,4,87,1
67,1330,5,25,0
44,638,0,94,0
58,1034,5,59,0
3,426,9,61,1
70,1667,2,29,1
2,641,3,95,0
44,595,5,18,1
2,927,7,41,1
35,1804,8,19,1
30,283,5,4,1
8,1838,6,65,1
22,1774,4,41,1
44,1236,8,15,1
58,892,3,54,0
36,692,9,64,1
69,1491,5,72,0
31,1748,4,15,1
47,1343,0,79,0
55,1169,4,50,0
62,552,4,22,0
30,1280,8,18,1
55,239,0,80,0
16,1559,4,2,1
12,839,6,36,1
17,372,5,20,0
16,1770,5,16,1
12,458,6,67,1
8,716,5,30,0
3,929,4,55,0
16,722,9,66,1
30,1038,4,99,0
23,316,8,26,1
5,383,7,57,1
65,1339,9,69,1
30,361,3,2,1
21,1802,3,56,1
70,1935,9,84,1
22,742,4,62,0
32,1810,2,34,1
33,1460,7,98,1
16,1038,6,56,1
38,1289,4,55,0
14,1293,9,20,1
36,646,2,50,0
23,615,4,25,0
66,731,2,84,0
2,640,9,25,1
65,937,4,53,0
67,663,0,14,1
52,595,5,60,0
62,910,9,43,1
23,1774,3,62,1
26,1880,3,76,1
68,1780,7,69,1
55,594,1,63,0
6,525,3,2,1
35,1314,1,54,0
22,949,0,16,1
43,1293,9,55,1
15,1389,2,94,0
60,841,7,43,1
12,413,5,61,0
49,1824,6,38,1
42,1558,1,45,1
38,1987,5,51,1
45,568,7,42,1
35,1807,7,24,1
30,1900,3,30,1
30,248,5,37,0
6,1275,4,53,0
67,1512,8,63,1
7,1849,7,11,1
52,1462,1,78,0
14,332,6,23,1
15,1198,6,80,1
21,985,0,50,0
35,1389,0,85,0
66,1597,3,55,1
2,572,4,55,0
35,1701,3,4,1
20,1978,6,97,1
10,678,2,54,0
25,1031,6,61,1
66,849,7,78,1
25,1814,5,83,1
54,881,5,5,1
33,1858,7,95,1
36,887,7,18,1
14,1523,6,44,1
65,281,5,31,0
54,286,5,94,0
52,424,9,21,1
3,215,5,47,0
41,1021,7,30,1
6,1581,0,55,1
25,362,4,68,0
13,1833,2,69,1
8,1891,7,41,1
21,713,5,45,0
68,549,1,74,0
25,880,6,91,1
68,1687,6,80,1
45,1598,4,30,1
60,1315,7,77,1
12,380,4,85,0
32,942,0,45,0
13,1524,8,45,1
31,859,3,79,0
20,1412,1,84,0
18,1537,3,84,1
60,692,8,45,1
63,1122,1,55,0
6,327,3,59,0
32,1742,1,5,1
43,1649,4,32,1
2,1782,2,6,1
60,764,9,94,1
23,1410,1,26,0
31,749,8,37,1
5,652,4,13,1
34,670,9,93,1
10,1187,4,69,0
2,937,0,25,0
11,1788,5,13,1
50,423,6,88,1
31,353,0,95,0
56,759,8,20,1
9,550,7,72,1
21,1370,7,60,1
28,1799,6,73,1
62,548,4,21,0
7,381,2,61,0
16,836,8,84,1
4,1217,6,79,1
4,378,9,26,1
40,1262,9,54,1
17,971,7,42,1
52,1093,5,11,1
52,1226,4,37,0
36,1215,7,11,1
38,263,2,27,0
50,228,6,94,1
63,571,1,83,0
63,1746,2,34,1
62,296,1,38,0
7,1665,4,61,1
27,1426,6,87,1
14,1634,9,53,1
71,1192,9,65,1
5,220,0,3,1
55,1774,9,67,1
2,934,8,28,1
62,1325,0,14,1
21,1269,0,52,0
21,265,9,30,1
10,802,7,58,1
58,1387,5,54,0
39,1334,5,69,0
5,537,8,15,1
65,322,3,38,0
13,1928,7,78,1
53,646,3,14,1
45,810,1,57,0
32,1514,7,59,1
36,870,6,8,1
60,1635,3,72,1
11,814,8,19,1
63,1096,8,32,1
21,480,7,95,1
52,1266,0,29,0
55,1709,6,41,1
26,795,4,75,0
68,902,6,45,1
34,1274,8,13,1
52,409,1,27,0
52,325,3,19,1
29,691,3,26,0
38,1732,1,53,1
42,1159,2,51,0
21,1169,7,37,1
42,780,8,9,1
13,976,5,92,0
64,457,9,96,1
17,1411,1,52,0
9,429,1,54,0
41,388,6,3,1
1,1638,7,96,1
2,209,7,69,1
60,1337,5,8,1
48,1299,9,14,1
29,875,7,3,1
10,701,0,24,0
58,284,8,13,1
60,248,0,43,0
21,1718,2,29,1
28,1037,8,72,1
34,1207,4,51,0
8,888,8,42,1
59,586,8,31,1
49,1169,5,63,0
17,1612,0,26,1
60,1205,9,18,1
45,417,6,82,1
69,1924,5,57,1
32,1204,8,7,1
44,1569,6,48,1
65,1453,3,80,0
8,454,6,60,1
43,435,1,33,0
1,1249,5,3,1
51,1807,5,4,1
24,1484,1,4,1
24,1989,3,42,1
17,470,7,9,1
5,322,7,51,1
20,855,7,17,1
21,1480,7,17,1
58,1879,0,97,1
31,1644,1,20,1
11,458,3,14,1
52,1147,8,22,1
15,246,2,52,0
7,1062,5,27,0
28,724,6,43,1
51,1087,7,3,1
58,407,6,88,1
5,1534,2,94,1
5,946,5,8,1
8,348,4,86,0
64,637,9,89,1
10,354,3,10,1
38,1901,0,29,1
8,1313,6,40,1
25,1921,7,65,1
66,557,1,21,0
50,1397,6,24,1
67,1440,5,73,0
49,655,4,60,0
36,975,3,26,0
68,1832,1,9,1
41,828,9,20,1
62,1422,5,56,0
10,1031,4,99,0
21,685,1,36,0
36,732,9,36,1
12,399,6,73,1
2,570,5,22,0
13,1213,8,1,1
53,1052,9,69,1
32,1671,4,73,1
16,447,8,37,1
32,987,8,83,1
32,463,0,72,0
11,1281,4,96,0
10,1525,8,13,1
15,230,6,84,1
17,1721,5,43,1
40,1472,5,37,0
18,804,6,94,1
55,1494,0,74,0
25,1829,3,95,1
59,1889,0,25,1
22,1617,5,93,1
30,701,3,88,0
44,1815,0,21,1
32,1307,8,41,1
51,1588,3,73,1
46,1085,5,42,0
21,748,6,42,1
32,1565,7,2,1
39,1038,8,68,1
12,1630,8,8,1
47,1648,7,96,1
18,1967,9,61,1
21,1316,2,14,1
13,1047,1,77,0
21,813,4,21,0
8,611,0,24,0
46,631,2,50,0
7,877,0,82,0
23,358,2,45,0
22,213,3,64,0
22,572,6,64,1
29,424,4,26,0
13,1728,4,32,1
2,1296,0,57,0
29,1472,7,53,1
52,710,3,33,0
27,802,9,52,1
50,415,4,95,0
23,1825,1,18,1
44,1764,0,35,1
22,1187,8,12,1
43,1443,1,51,0
37,1039,5,89,0
61,926,0,95,0
56,1444,0,10,1
3,1612,8,52,1
63,753,3,34,0
19,1870,8,67,1
23,1265,4,39,0
29,875,6,8,1
30,1072,0,96,0
39,482,5,29,0
25,1281,7,22,1
8,1033,0,84,0
58,736,8,70,1
16,1296,2,61,0
1,1122,0,43,0
5,1352,0,49,0
3,1822,5,29,1
65,1041,5,81,0
4,1649,0,31,1
64,1147,2,53,0
10,864,6,34,1
21,1917,9,38,1
46,1348,2,57,0
27,266,2,4,1
66,205,2,2,1
41,836,6,12,1
13,513,3,35,0
9,1549,3,70,1
36,764,2,72,0
58,1801,9,21,1
54,1025,8,61,1
12,705,1,35,0
14,1305,3,48,0
34,1822,7,15,1
53,1225,5,71,0
20,403,6,15,1
16,861,6,6,1
70,1004,1,81,0
56,603,3,68,0
58,1326,9,22,1
4,735,9,32,1
4,1591,5,22,1
20,1435,2,27,0
10,776,8,15,1
24,1432,3,44,0
26,962,9,86,1
37,316,1,92,0
54,827,5,9,1
21,948,0,34,0
38,1701,5,73,1
46,304,9,15,1
4,694,0,62,0
60,1994,7,45,1
57,245,4,84,0
45,1022,5,72,0
20,1554,1,58,1
17,1439,1,92,0
71,1181,8,19,1
4,1159,2,16,1
14,1715,5,75,1
3,1044,9,8,1
58,648,4,33,0
55,735,3,74,0
4,710,9,18,1
24,1681,1,35,1
34,1770,7,43,1
30,1759,9,50,1
19,739,6,3,1
31,1707,1,91,1
60,215,5,59,0
60,1794,7,28,1
19,442,6,46,1
49,1430,0,64,0
63,1111,4,70,0
22,1494,1,47,0
24,960,5,14,1
30,904,6,7,1
58,1953,6,74,1
31,314,2,79,0
64,1803,6,31,1
19,1522,4,93,1
48,1706,7,81,1
45,596,7,51,1
55,593,6,29,1
55,1298,5,15,1
18,1177,1,90,0
63,1705,5,76,1
47,1326,8,25,1
57,496,1,61,0
45,1201,0,41,0
33,377,4,69,0
17,1438,5,4,1
70,1166,2,57,0
4,514,7,31,1
20,1262,6,3,1
47,458,1,67,0
15,1939,6,90,1
70,206,0,50,0
47,248,8,17,1
9,1761,6,60,1
16,360,5,74,0
69,375,1,66,0
61,1814,2,88,1
10,1225,0,75,0
50,1200,9,24,1
3,654,4,99,0
70,1867,8,87,1
51,475,5,32,0
19,697,4,87,0
42,1852,2,98,1
35,875,4,19,1
46,1251,7,66,1
26,1556,1,60,1
69,1224,4,66,0
64,1411,5,15,1
37,255,9,85,1
49,746,7,35,1
21,1335,7,69,1
64,1533,4,27,1
5,235,8,88,1
70,638,3,7,1
4,1952,8,6,1
39,1815,6,33,1
35,794,5,58,0
1,1800,3,49,1
24,1548,1,17,1
57,1863,7,42,1
70,506,5,94,0
41,1757,2,72,1
54,1951,6,40,1
46,818,9,46,1
60,1332,6,71,1
60,1595,5,70,1
57,556,1,68,0
31,380,7,1,1
24,1579,0,79,1
36,1899,0,95,1
30,267,5,89,0
24,491,4,97,0
30,891,8,52,1
7,380,6,35,1
35,1689,1,69,1
55,633,6,5,1
14,1687,2,17,1
10,1904,0,53,1
16,1113,7,52,1
54,1757,2,14,1
70,265,7,29,1
44,1244,6,8,1
45,1835,1,98,1
56,583,0,1,1
57,1838,6,29,1
21,1782,0,36,1
68,238,5,51,0
50,1508,9,37,1
33,1021,9,93,1
7,801,7,69,1
70,1820,6,53,1
15,984,3,96,0
32,1559,0,52,1
20,1411,0,88,0
15,870,3,83,0
48,1466,4,12,1
71,1296,6,52,1
21,678,3,1,1
42,760,9,7,1
26,300,0,17,1
14,713,9,98,1
57,1979,6,43,1
37,375,1,71,0
58,437,1,17,1
21,1109,7,59,1
69,1282,9,3,1
3,1322,9,29,1
37,1070,9,22,1
49,694,4,38,0
19,1146,9,54,1
12,1737,1,93,1
61,954,4,50,0
41,1520,7,69,1
33,410,5,30,0
50,1346,2,23,0
68,1452,7,85,1
71,1817,8,90,1
33,1879,4,47,1
24,1611,1,21,1
61,339,1,20,0
61,740,6,23,1
28,1614,0,68,1
58,469,9,21,1
43,1982,1,21,1
41,1235,9,1,1
39,1612,3,15,1
49,1560,0,17,1
17,705,3,51,0
70,1329,9,63,1
70,231,4,14,1
65,1297,8,59,1
5,1394,0,83,0
2,1292,4,50,0
22,1012,1,34,0
57,561,8,6,1
66,1872,5,49,1
16,1656,1,6,1
51,1128,2,69,0
39,299,7,7,1
40,1881,0,97,1
38,208,2,77,0
60,1797,9,51,1
59,896,0,1,1
10,1252,7,13,1
64,1337,0,43,0
63,661,4,27,0
49,1120,3,71,0
64,1366,6,3,1
32,589,4,58,0
7,831,7,89,1
21,881,0,97,0
20,356,4,17,1
26,534,3,45,0
68,459,2,78,0
15,281,4,58,0
14,953,9,56,1
27,1664,2,54,1
40,1395,7,87,1
58,1454,2,88,0
28,919,0,29,0
26,274,8,54,1
63,1493,8,27,1
66,825,5,45,0
25,261,9,87,1
3,1073,0,31,0
44,519,7,36,1
42,301,1,81,0
6,1652,8,61,1
39,1073,7,37,1
52,1945,2,67,1
23,1153,4,36,0
50,454,8,5,1
43,1755,0,46,1
19,769,8,79,1
69,311,3,52,0
51,1184,3,49,0
11,1536,3,6,1
12,1197,9,10,1
8,660,8,96,1
24,907,5,23,0
41,1086,7,17,1
36,1685,3,84,1
55,1315,2,44,0
9,1275,0,41,0
47,719,9,15,1
15,1011,6,44,1
48,1321,3,58,0
42,435,7,86,1
60,1597,2,50,1
70,1804,0,52,1
12,1126,4,70,0
2,756,1,68,0
7,848,2,63,0
3,433,5,58,0
3,1255,2,23,0
27,1512,2,44,1
40,1861,5,83,1
33,778,4,95,0
1,741,9,44,1
8,313,8,52,1
32,403,0,67,0
48,1252,2,28,0
4,842,2,67,0
70,673,5,78,0
19,896,7,18,1
32,452,2,27,0
9,1104,2,51,0
12,585,5,60,0
11,261,7,74,1
46,714,5,49,0
16,629,9,15,1
1,779,2,83,0
63,1760,3,73,1
21,1914,0,68,1
30,1364,7,15,1
13,942,3,51,0
34,1523,5,48,1
4,874,2,72,0
28,510,5,1,1
59,670,8,7,1
27,1616,8,53,1
69,1865,9,31,1
25,1668,2,18,1
3,1981,2,12,1
68,1008,3,48,0
25,371,6,30,1
20,775,2,97,0
34,230,9,7,1
26,246,7,92,1
5,329,7,3,1
61,551,5,63,0
9,1177,3,6,1
50,1845,4,95,1
6,1804,1,15,1
60,257,5,71,0
44,1329,2,43,0
11,1011,5,94,0
66,1553,4,91,1
47,967,1,81,0
3,882,4,18,1
30,1606,4,22,1
21,1385,8,61,1
28,1196,7,61,1
62,485,6,53,1
33,1294,2,26,0
35,1990,9,91,1
52,1677,3,40,1
34,1085,5,88,0
41,1790,2,8,1
51,596,8,21,1
47,1738,7,93,1
58,225,5,43,0
57,512,3,21,0
23,325,6,3,1
48,1631,2,31,1
22,1788,9,27,1
17,1421,7,27,1
69,1010,0,73,0
11,387,2,57,0
15,897,4,97,0
35,1009,4,33,0
33,915,9,90,1
16,1707,1,92,1
34,649,9,44,1
66,722,7,43,1
40,1577,4,31,1
28,1185,6,65,1
47,857,6,84,1
39,796,4,76,0
70,299,7,17,1
20,815,8,15,1
1,1147,3,34,0
63,1781,3,80,1
67,755,7,4,1
4,477,0,72,0
58,1916,3,98,1
25,1922,5,89,1
47,1849,3,79,1
38,690,5,28,0
15,454,4,73,0
63,580,8,2,1
21,1091,9,17,1
57,741,8,58,1
53,1487,3,74,0
46,1833,3,9,1
14,1024,7,31,1
17,1078,9,66,1
39,1552,3,88,1
9,1338,1,62,0
6,1499,1,19,1
23,1711,0,81,1
59,480,4,74,0
46,1498,5,55,0
38,972,8,28,1
14,1042,4,92,0
62,918,5,50,0
35,527,5,65,0
19,410,2,3,1
30,926,3,79,0
25,1122,0,52,0
40,751,3,10,1
14,225,0,21,0
26,226,4,37,0
22,901,7,15,1
48,1306,7,87,1
51,881,4,78,0
3,612,9,79,1
42,366,1,74,0
19,1923,5,9,1
28,368,0,44,0
45,428,6,39,1
71,1832,3,5,1
63,566,4,25,0
19,727,5,56,0
47,990,0,90,0
14,1870,8,64,1
38,1761,9,72,1
53,723,3,86,0
61,1295,7,52,1
36,1868,4,89,1
40,305,7,76,1
30,931,0,9,1
9,1164,7,10,1
64,1912,3,10,1
33,1505,1,73,1
52,332,5,62,0
14,733,1,90,0
53,1174,4,99,0
59,468,1,91,0
41,1635,2,60,1
68,872,5,95,0
68,1842,0,19,1
8,990,5,38,0
2,1970,2,6,1
41,217,6,15,1
55,1977,1,93,1
16,316,5,47,0
62,997,7,45,1
48,1367,0,5,1
30,1940,8,78,1
12,750,4,53,0
35,1128,4,66,0
11,1889,4,62,1
64,1911,5,23,1
50,952,1,44,0
21,621,5,52,0
69,1592,3,46,1
48,845,7,19,1
20,757,8,88,1
67,249,8,84,1
44,877,7,47,1
33,305,2,91,0
61,1439,9,52,1
9,857,3,24,0
68,1648,0,17,1
35,1295,8,89,1
65,1187,4,46,0
8,1041,5,64,0
45,1982,2,95,1
47,645,9,28,1
40,1409,7,50,1
54,269,6,64,1
46,349,0,28,0
47,1469,9,86,1
15,973,4,56,0
19,1761,9,59,1
26,1875,8,5,1
52,1322,5,54,0
22,1501,7,44,1
21,1786,9,42,1
51,1886,0,72,1
38,1143,9,92,1
20,654,6,57,1
29,1327,2,47,0
51,1145,8,76,1
4,800,5,25,0
55,852,4,44,0
71,924,7,15,1
28,432,7,51,1
4,1617,2,53,1
22,1724,1,34,1
45,1918,1,77,1
67,450,4,8,1
66,1744,9,77,1
34,278,6,70,1
55,1275,7,96,1
1,1097,9,21,1
38,1120,7,7,1
6,980,7,90,1
25,425,9,79,1
17,1274,2,56,0
61,1409,1,49,0
12,1257,3,42,0
6,1002,0,23,0
27,941,2,52,0
8,330,8,79,1
65,1222,6,53,1
57,831,6,16,1
40,1666,0,96,1
14,1037,6,37,1
35,958,9,18,1
48,1655,6,20,1
56,903,3,46,0
49,696,6,2,1
13,1626,7,87,1
61,522,2,94,0
49,1433,9,63,1
46,814,1,3,1
62,528,6,46,1
8,1595,4,49,1
43,1683,4,1,1
20,332,4,22,0
39,1034,6,93,1
49,850,8,14,1
64,320,7,92,1
62,805,5,85,0
54,1675,6,45,1
9,1164,8,96,1
37,328,5,6,1
49,1314,0,65,0
41,1827,3,21,1
17,1798,7,4,1
21,228,6,3,1
51,921,2,30,0
59,1747,9,31,1
39,532,2,34,0
55,1520,2,83,1
41,1353,0,20,0
39,1516,9,87,1
13,1396,0,54,0
64,1943,5,25,1
11,1143,0,15,1
19,1247,4,38,0
11,1322,3,23,0
46,1629,4,52,1
45,555,6,66,1
1,338,5,57,0
40,1726,8,57,1
19,1397,5,79,0
61,228,8,52,1
12,1130,3,35,0
61,695,0,74,0
33,1213,0,14,1
45,854,9,91,1
69,1027,6,14,1
8,550,2,99,0
25,753,1,33,0
46,498,5,52,0
30,1943,5,1,1
47,1415,6,34,1
49,1895,4,19,1
47,263,7,24,1
18,954,6,4,1
66,969,1,36,0
68,1887,0,77,1
33,1438,8,58,1
36,1033,4,32,0
19,365,4,9,1
28,1766,9,80,1
40,1455,3,67,0
15,1764,1,20,1
41,1418,4,74,0
39,705,1,62,0
2,1557,6,58,1
63,1991,8,22,1
29,992,8,67,1
66,1527,5,75,1
51,1032,0,89,0
10,1660,5,48,1
14,1546,4,8,1
51,1725,3,73,1
39,1057,5,15,1
28,1616,5,32,1
3,1005,5,53,0
70,1822,1,67,1
27,1372,6,4,1
2,960,3,30,0
38,1032,8,13,1
3,1628,9,21,1
16,482,1,41,0
40,1585,4,19,1
2,578,3,48,0
41,397,8,86,1
12,1214,3,63,0
35,1223,7,20,1
65,755,7,64,1
55,555,5,37,0
45,1763,5,31,1
62,1652,7,74,1
49,1240,9,18,1
25,838,8,20,1
23,578,4,82,0
24,879,0,11,1
38,705,0,86,0
28,1979,1,44,1
21,1098,9,82,1
54,275,9,64,1
18,430,4,34,0
36,1939,3,87,1
45,1161,0,65,0
53,1471,3,55,0
30,501,3,74,0
60,925,9,1,1
32,414,3,38,0
67,1381,0,9,1
67,268,8,95,1
28,592,2,71,0
44,1308,3,17,1
41,466,4,99,0
63,1292,6,52,1
23,810,5,18,1
48,1570,4,63,1
32,1208,7,33,1
57,1161,0,4,1
33,927,6,87,1
24,872,5,75,0
39,622,4,52,0
34,1829,6,9,1
56,1397,2,64,0
28,1900,0,30,1
37,314,8,8,1
7,419,1,5,1
68,230,9,76,1
37,1746,2,63,1
56,1566,7,1,1
65,1600,9,15,1
65,1353,8,89,1
47,816,2,82,0
20,738,5,38,0
19,938,6,42,1
29,1225,0,46,0
60,1070,6,53,1
18,300,3,26,0
35,1756,4,61,1
43,1281,7,67,1
11,1612,3,54,1
49,891,3,22,0
38,1140,7,26,1
64,540,4,83,0
69,1060,5,60,0
8,1243,4,39,0
34,1478,0,36,0
48,1540,6,21,1
56,237,5,41,0
65,859,1,48,0
31,1760,6,26,1
4,1609,5,63,1
50,1856,4,77,1
69,1127,7,36,1
30,1249,4,24,0
59,653,1,90,0
67,1904,5,21,1
45,1546,0,18,1
4,936,4,15,1
26,1736,5,79,1
27,1018,6,6,1
46,972,1,43,0
64,212,0,31,0
51,1114,5,28,0
50,1783,2,8,1
6,1120,4,29,0
59,1024,1,21,0
15,570,0,81,0
30,1514,0,88,1
42,531,3,58,0
37,1829,9,60,1
42,460,1,50,0
35,1428,0,31,0
6,896,5,47,0
68,886,3,34,0
18,1149,9,2,1
29,586,6,67,1
59,1020,5,94,0
47,667,4,72,0
17,1638,9,52,1
22,268,1,7,1
68,1695,4,76,1
69,1327,8,19,1
37,1981,8,90,1
49,1384,1,92,0
13,399,6,15,1
34,415,9,78,1
53,411,3,48,0
51,707,2,14,1
3,215,0,3,1
42,1721,2,50,1
32,1083,8,93,1
51,531,8,54,1
46,916,6,6,1
21,750,2,49,0
44,1824,2,23,1
11,1141,3,92,0
68,455,6,78,1
1,1191,6,78,1
63,1989,1,20,1
24,927,4,77,0
13,1079,6,91,1
11,1014,6,60,1
51,1395,5,99,0
17,848,9,45,1
24,1199,9,61,1
19,1721,7,56,1
37,670,2,2,1
8,1607,0,45,1
28,889,2,40,0
5,1812,1,24,1
17,899,1,29,0
36,706,1,67,0
19,1191,4,68,0
64,1209,0,66,0
11,1750,9,84,1
54,1003,3,54,0
45,1030,9,53,1
47,1548,4,79,1
12,413,1,49,0
21,1431,4,32,0
11,368,9,61,1
5,1553,3,42,1
56,1503,7,1,1
20,1177,0,63,0
41,1528,4,35,1
46,345,9,51,1
12,1998,0,71,1
70,715,9,45,1
17,1313,9,77,1
19,652,3,65,0
26,259,7,14,1
48,1534,0,93,1
52,727,1,3,1
70,1450,0,24,0
55,1223,6,65,1
33,673,1,48,0
62,1764,0,10,1
23,1886,5,13,1
15,956,5,73,0
27,981,9,14,1
64,1302,1,10,1
51,632,0,40,0
53,1376,9,23,1
51,600,2,99,0
47,1502,9,55,1
4,256,4,63,0
7,1202,5,71,0
35,385,2,42,0
48,597,8,99,1
45,804,4,66,0
19,987,1,79,0
63,357,9,73,1
38,1916,5,47,1
67,1582,7,81,1
59,1663,5,52,1
69,788,3,18,1
13,665,5,79,0
47,1886,7,18,1
61,645,7,24,1
31,1973,9,23,1
22,1000,1,12,1
43,1966,7,23,1
67,1711,5,21,1
54,1753,1,64,1
10,1296,0,90,0
42,1128,5,72,0
64,1924,6,94,1
21,216,9,34,1
66,1754,4,2,1
41,930,9,69,1
24,525,7,31,1
35,1194,8,97,1
56,1855,3,68,1
30,812,6,70,1
57,745,7,87,1
47,795,5,19,1
35,1120,1,72,0
19,1931,6,13,1
8,1041,8,65,1
26,1425,4,6,1
71,543,1,71,0
30,1746,3,27,1
7,1058,2,79,0
67,1623,3,52,1
65,1441,9,98,1
36,644,6,87,1
25,1988,9,48,1
37,421,7,88,1
1,1606,0,79,1
15,791,7,99,1
37,1230,4,68,0
13,1495,6,44,1
8,1962,0,17,1
5,1217,1,95,0
60,215,0,38,0
1,1647,4,10,1
36,723,5,54,0
35,1002,9,91,1
66,1976,8,6,1
63,220,7,6,1
23,1913,6,52,1
9,427,4,15,1
34,1207,2,68,0
46,1511,8,57,1
4,1008,4,56,0
30,1357,2,7,1
3,1506,2,51,1
14,603,2,58,0
60,1888,5,64,1
45,1289,0,26,0
34,1872,3,58,1
45,1827,7,31,1
61,636,2,66,0
16,1028,4,92,0
66,1133,1,13,1
40,458,1,18,1
17,302,6,94,1
34,1192,9,75,1
16,1790,2,13,1
60,968,4,24,0
66,1324,2,57,0
66,1421,5,29,0
13,1012,9,56,1
56,425,2,54,0
31,1142,7,5,1
34,662,1,35,0
39,436,2,19,1
67,1249,7,55,1
8,1344,7,77,1
55,705,0,69,0
27,1405,7,44,1
53,1934,9,78,1
39,1013,1,38,0
65,966,6,62,1
17,833,5,22,0
30,1766,1,73,1
53,1538,4,40,1
13,1190,6,26,1
21,817,7,5,1
19,1959,2,93,1
53,472,0,54,0
19,431,6,86,1
57,1643,4,49,1
25,967,4,3,1
31,1665,6,92,1
55,695,0,38,0
23,1247,7,14,1
32,1332,9,47,1
62,1926,4,14,1
10,701,7,75,1
54,224,9,73,1
52,1410,9,38,1
20,487,4,64,0
32,1851,6,44,1
14,537,9,70,1
50,1260,2,65,0
28,336,1,25,0
53,707,5,16,1
24,426,4,15,1
22,519,8,98,1
30,1115,9,81,1
63,1405,3,3,1
4,285,2,67,0
59,1690,8,37,1
8,1125,7,81,1
12,252,5,55,0
31,1059,0,38,0
34,1066,9,63,1
49,1458,0,1,1
57,632,5,71,0
26,1719,2,90,1
18,1198,2,19,1
38,299,5,52,0
50,1189,2,30,0
8,798,9,55,1
41,602,5,14,1
6,595,4,13,1
69,1750,3,84,1
44,614,7,90,1
64,1138,1,27,0
29,1836,6,89,1
28,876,3,9,1
11,662,1,41,0
65,740,6,48,1
19,1849,0,12,1
9,1842,3,10,1
27,1587,8,6,1
34,1353,3,34,0
44,283,2,52,0
68,470,9,41,1
15,443,9,83,1
51,587,1,6,1
13,413,2,2,1
49,1017,0,15,1
70,1389,9,17,1
56,258,7,16,1
51,1825,0,28,1
37,1082,2,85,0
17,1042,2,72,0
58,1123,1,10,1
29,1727,4,10,1
33,1929,9,10,1
60,322,2,73,0
55,1871,2,28,1
10,1636,7,24,1
47,1362,3,19,1
23,1452,3,97,0
21,1497,2,68,0
13,638,0,56,0
33,1221,7,67,1
24,761,0,42,0
11,317,6,12,1
17,1937,4,18,1
68,1104,3,23,0
47,1706,3,84,1
25,594,7,6,1
21,1926,5,53,1
12,1075,0,98,0
37,1683,9,42,1
42,1916,7,66,1
17,1134,1,30,0
48,1301,5,9,1
28,1151,8,91,1
41,1635,0,42,1
47,274,5,34,0
18,494,7,40,1
71,220,9,88,1
13,1394,1,17,1
13,1238,4,29,0
31,1434,5,50,0
2,759,4,76,0
16,1309,2,95,0
9,1372,3,49,0
38,1923,6,73,1
54,571,3,61,0
56,1703,8,83,1
45,1017,9,46,1
34,1374,1,46,0
9,1364,4,17,1
8,1292,7,66,1
7,1483,4,5,1
36,1045,9,54,1
18,720,7,16,1
3,1856,7,81,1
28,570,8,91,1
70,1642,9,7,1
44,300,5,8,1
21,860,3,72,0
28,1881,2,87,1
54,1167,4,96,0
54,442,5,82,0
65,952,2,38,0
21,711,1,54,0
13,1048,6,76,1
57,754,4,15,1
49,1318,8,92,1
54,425,2,50,0
10,1741,7,56,1
53,413,5,95,0
44,917,3,9,1
47,266,8,8,1
53,595,4,19,1
46,811,9,51,1
13,1235,5,72,0
37,1460,8,98,1
24,969,6,57,1
2,1622,4,68,1
14,606,1,31,0
10,1124,3,3,1
35,1703,1,99,1
25,846,2,83,0
3,421,9,43,1
17,1379,2,29,0
12,853,3,10,1
54,627,5,12,1
24,1381,2,46,0
29,1176,9,30,1
43,1639,0,94,1
25,1205,0,82,0
60,1549,8,88,1
65,570,8,32,1
28,1567,4,73,1
16,1485,8,47,1
47,1506,6,88,1
58,1049,8,63,1
27,1055,6,26,1
53,428,8,3,1
42,479,1,23,0
59,1513,7,75,1
47,1903,6,74,1
34,1270,5,50,0
37,1174,4,36,0
6,1938,3,13,1
7,1437,6,29,1
25,957,2,38,0
33,1247,7,77,1
55,520,1,90,0
58,473,0,84,0
7,755,1,5,1
57,1043,8,20,1
12,1536,4,78,1
16,1586,7,14,1
43,867,2,8,1
7,1199,6,48,1
51,579,1,13,1
32,910,7,24,1
8,1897,6,79,1
45,1693,4,65,1
59,945,3,86,0
4,874,0,34,0
67,315,4,51,0
29,804,8,3,1
29,1265,9,90,1
28,578,3,78,0
44,1945,8,58,1
4,1429,1,72,0
9,665,3,55,0
5,1955,8,80,1
56,479,3,42,0
50,1871,4,21,1
15,817,7,10,1
32,317,0,57,0
28,1460,0,25,0
22,508,8,56,1
17,1679,8,38,1
59,1698,3,86,1
71,299,1,61,0
57,460,8,47,1
26,1192,3,54,0
25,1528,5,46,1
10,1577,0,68,1
45,485,8,4,1
11,527,4,94,0
53,1326,2,66,0
68,262,3,93,0
28,886,0,43,0
65,1505,8,62,1
49,1664,7,85,1
47,1516,3,85,1
52,937,1,85,0
54,1230,8,4,1
60,838,3,65,0
57,1135,8,62,1
47,1315,9,90,1
31,1413,2,2,1
46,675,6,9,1
26,1734,6,57,1
5,1685,9,45,1
52,252,3,18,1
54,953,1,48,0
33,685,8,42,1
50,1867,3,41,1
38,1713,7,75,1
27,1587,1,89,1
15,1335,7,90,1
61,608,9,58,1
21,1230,4,42,0
46,1965,6,35,1
69,867,6,38,1
6,1420,8,67,1
38,1034,2,41,0
62,1075,9,99,1
62,1958,3,50,1
46,566,9,86,1
13,1201,3,72,0
3,449,9,79,1
6,1818,4,45,1
8,1463,5,71,0
44,579,2,19,1
33,1071,3,17,1
50,1034,2,65,0
11,1694,1,93,1
28,974,9,77,1
70,1118,8,56,1
41,1924,0,93,1
16,654,1,41,0
68,565,7,42,1
48,1513,6,6,1
56,602,0,69,0
64,257,4,98,0
59,720,9,75,1
62,1527,5,73,1
11,1338,4,40,0
18,409,3,41,0
19,1264,0,9,1
55,1015,6,8,1
26,372,8,44,1
6,433,5,58,0
4,992,2,67,0
29,1813,9,13,1
59,1843,3,19,1
17,992,9,98,1
43,1626,4,96,1
66,1262,0,49,0
34,318,4,80,0
8,534,0,82,0
13,1559,8,78,1
8,1762,6,30,1
65,1839,2,66,1
43,1297,8,77,1
39,1414,1,91,0
59,523,6,59,1
44,1210,8,53,1
9,1370,5,52,0
37,1990,9,81,1
36,483,4,31,0
28,412,6,15,1
42,1858,5,20,1
43,1941,4,5,1
42,1128,1,7,1
66,951,7,18,1
55,1617,6,56,1
48,538,5,75,0
22,1245,4,96,0
27,1994,4,91,1
67,304,8,90,1
13,1689,0,45,1
45,1682,8,28,1
10,1655,5,50,1
9,969,3,2,1
54,915,9,84,1
27,1997,6,68,1
34,1842,8,77,1
1,962,4,24,0
32,1444,4,48,0
71,578,7,45,1
67,1445,6,93,1
20,1481,7,58,1
35,912,9,36,1
17,1590,1,2,1
18,1993,8,18,1
45,1572,2,49,1
53,424,5,8,1
68,1937,5,58,1
65,937,1,15,1
1,435,6,17,1
58,382,8,23,1
26,911,9,66,1
20,1981,0,70,1
10,643,7,93,1
59,822,1,27,0
41,1229,0,37,0
5,1459,7,49,1
65,1350,1,64,0
17,1327,5,34,0
22,948,5,18,1
41,1703,4,64,1
68,354,7,74,1
69,456,2,44,0
11,434,9,17,1
56,699,3,59,0
51,488,6,13,1
21,709,6,52,1
26,1775,7,60,1
19,908,1,42,0
60,984,1,91,0
71,1093,3,64,0
47,975,9,66,1
71,1792,8,34,1
26,497,9,95,1
40,1833,8,87,1
5,336,3,71,0
21,575,8,64,1
4,286,2,33,0
23,1642,4,12,1
15,1977,9,76,1
8,1422,8,19,1
41,1686,5,9,1
19,636,2,74,0
46,1533,9,17,1
28,1819,8,50,1
68,1977,5,39,1
15,1504,3,41,1
37,1546,3,10,1
1,963,7,12,1
67,901,6,79,1
24,1141,0,95,0
27,351,5,15,1
40,1525,7,28,1
63,1501,2,4,1
61,1874,8,36,1
36,1911,9,65,1
24,1231,1,98,0
24,1006,5,47,0
4,434,0,81,0
67,874,1,39,0
34,760,4,38,0
57,1525,0,44,1
49,237,7,51,1
53,1359,0,97,0
23,1021,8,85,1
69,620,9,26,1
53,1442,2,36,0
62,547,1,69,0
41,1769,0,97,1
57,1302,8,1,1
60,947,3,53,0
54,472,0,6,1
70,1384,0,37,0
57,1910,6,2,1
10,507,1,69,0
40,1597,6,90,1
7,1175,6,41,1
38,932,9,51,1
61,1232,8,47,1
3,643,6,13,1
51,1336,0,76,0
47,1428,7,69,1
68,604,7,66,1
38,1921,3,59,1
36,1052,7,68,1
41,1420,3,59,0
69,977,7,91,1
13,1997,4,10,1
58,1983,3,13,1
50,314,5,2,1
30,1344,1,90,0
62,1876,1,15,1
25,264,1,46,0
27,1499,8,57,1
51,1024,9,10,1
57,438,2,22,0
47,501,9,89,1
39,1615,3,79,1
16,1745,9,77,1
22,1168,7,8,1
54,568,3,21,0
21,432,9,85,1
16,394,9,22,1
59,1106,6,97,1
31,1235,4,45,0
42,1120,8,91,1
32,888,3,40,0
59,376,2,22,0
34,416,1,30,0
9,1234,0,62,0
11,1669,5,73,1
10,829,9,45,1
17,363,1,35,0
68,1774,7,82,1
48,252,5,42,0
52,417,4,5,1
25,1941,1,27,1
21,1198,6,70,1
65,1023,1,62,0
63,1583,4,32,1
51,584,1,8,1
36,255,9,85,1
66,317,1,18,1
15,1099,6,78,1
39,1476,8,15,1
70,997,4,26,0
1,979,6,53,1
23,1215,3,44,0
39,1002,1,32,0
57,1044,2,28,0
34,1403,1,39,0
41,1638,4,32,1
13,1458,5,77,0
70,1054,6,79,1
6,907,2,18,1
52,1303,3,70,0
3,1870,7,11,1
63,221,3,32,0
49,1700,6,20,1
47,1042,5,97,0
55,1663,6,40,1
64,1960,0,8,1
65,1793,2,35,1
67,1316,5,69,0
15,391,2,99,0
32,1218,6,78,1
68,1326,8,21,1
18,595,2,24,0
43,1230,0,17,1
35,839,9,18,1
58,1218,5,98,0
33,766,0,12,1
14,430,0,16,1
34,1073,7,4,1
61,773,8,89,1
4,439,1,34,0
59,289,8,92,1
29,431,4,46,0
6,656,7,75,1
49,432,6,77,1
40,553,6,31,1
65,1204,3,25,0
69,1556,1,74,1
27,638,4,24,0
6,1598,2,65,1
13,1515,8,25,1
64,544,5,28,0
62,863,0,36,0
19,1651,2,82,1
43,856,3,6,1
20,329,8,66,1
68,340,5,67,0
44,614,3,72,0
23,1316,0,95,0
2,825,7,48,1
22,483,1,83,0
57,1878,7,70,1
7,422,5,78,0
56,943,7,67,1
67,662,5,48,0
16,1768,4,65,1
51,1499,4,44,0
12,1905,9,94,1
53,1363,9,63,1
5,556,7,46,1
27,1936,6,19,1
12,1246,7,64,1
17,1959,7,83,1
6,1493,6,73,1
5,1058,1,71,0
57,864,8,50,1
28,1556,6,63,1
69,1214,5,41,0
59,284,8,7,1
33,820,0,9,1
62,1254,1,4,1
50,1964,0,89,1
19,439,9,49,1
69,562,2,76,0
66,1021,4,6,1
47,1612,0,82,1
39,1876,3,21,1
68,867,7,15,1
33,1522,5,67,1
13,1594,0,66,1
54,298,0,56,0
7,246,2,68,0
14,1038,9,32,1
19,621,7,66,1
54,1703,7,29,1
20,1802,2,66,1
29,261,6,34,1
24,1332,2,27,0
63,1902,3,60,1
57,1772,8,39,1
8,1342,3,44,0
62,1209,2,82,0
29,797,4,36,0
17,1605,6,19,1
66,591,4,91,0
6,1176,3,45,0
58,1275,7,84,1
69,802,3,21,0
28,1512,1,23,1
62,536,9,94,1
41,1009,5,89,0
69,1427,1,95,0
41,1461,2,27,0
49,1605,0,98,1
49,1890,4,72,1
71,951,8,19,1
3,1359,1,41,0
10,1630,6,26,1
35,1731,4,28,1
2,1585,1,64,1
24,1604,7,68,1
38,1080,5,95,0
22,1799,3,80,1
26,834,3,51,0
43,453,1,74,0
55,1700,2,48,1
39,1337,6,10,1
29,219,2,73,0
20,727,4,39,0
41,1368,9,19,1
54,1431,5,64,0
20,1754,5,19,1
19,575,3,76,0
66,1727,5,62,1
30,365,2,13,1
53,1773,6,25,1
34,1404,6,89,1
22,1060,3,92,0
67,816,1,42,0
6,811,6,39,1
27,1825,2,30,1
10,1667,0,5,1
48,1555,1,81,1
70,702,9,18,1
59,1112,8,21,1
59,278,7,86,1
2,784,5,50,0
29,887,5,6,1
68,595,0,50,0
65,1831,1,80,1
26,1326,3,66,0
10,601,2,1,1
53,1174,0,57,0
59,423,7,30,1
22,717,6,58,1
51,833,3,52,0
48,435,8,37,1
21,1650,3,48,1
22,315,0,87,0
30,1386,9,1,1
25,425,0,19,1
28,429,0,46,0
65,381,0,67,0
45,1472,3,2,1
68,1541,0,56,1
7,409,1,17,1
49,1879,3,92,1
9,1615,6,82,1
36,295,1,97,0
1,1093,7,79,1
10,955,6,22,1
36,1309,8,27,1
46,614,5,55,0
32,593,3,32,0
32,895,5,60,0
6,1856,3,83,1
48,1043,6,28,1
38,1724,8,28,1
17,803,2,74,0
27,781,2,84,0
54,332,1,25,0
50,990,0,85,0
35,848,0,78,0
25,1537,2,86,1
28,1922,6,26,1
15,420,8,75,1
4,1175,1,71,0
27,1661,6,17,1
26,1269,0,82,0
19,1415,1,7,1
17,1743,5,56,1
43,1602,4,64,1
41,987,7,20,1
42,890,1,38,0
50,1557,0,75,1
40,238,6,58,1
39,1516,5,16,1
23,889,7,51,1
52,361,7,27,1
47,1554,1,51,1
63,1327,7,75,1
69,360,5,16,1
43,1858,8,87,1
48,1277,6,60,1
34,1257,1,76,0
40,441,7,40,1
61,1166,8,67,1
50,1089,6,2,1
67,312,3,48,0
62,1213,8,52,1
58,517,3,24,0
33,222,3,93,0
16,1781,8,98,1
48,1023,7,84,1
10,1870,3,82,1
38,1341,7,78,1
19,900,7,82,1
36,1866,6,2,1
59,1218,9,65,1
63,1435,5,20,0
46,1641,7,34,1
3,1336,6,41,1
65,1267,4,41,0
8,327,3,75,0
51,1075,1,91,0
6,357,7,23,1
39,1026,8,38,1
60,1617,3,44,1
28,1051,3,67,0
54,711,4,62,0
37,244,1,12,1
9,1331,6,30,1
56,418,4,95,0
59,642,5,87,0
2,514,3,65,0
61,376,7,41,1
58,427,7,20,1
60,1926,4,6,1
40,1895,5,75,1
36,466,2,99,0
37,1069,0,4,1
18,1037,8,93,1
63,1602,8,10,1
22,688,2,51,0
11,901,3,93,0
58,886,6,38,1
57,1513,1,1,1
4,1195,2,8,1
7,556,5,81,0
61,1880,7,83,1
54,1967,0,63,1
68,1071,3,33,0
1,403,0,15,1
55,1436,1,31,0
3,751,7,21,1
38,522,5,3,1
1,793,8,66,1
38,380,1,35,0
29,698,2,41,0
5,1543,8,59,1
21,282,8,16,1
71,502,5,56,0
67,461,2,45,0
47,983,4,59,0
35,1423,1,50,0
68,1463,6,85,1
69,1113,9,12,1
1,891,7,92,1
68,1143,5,12,1
12,882,7,33,1
60,1518,1,84,1
27,1735,2,49,1
56,888,6,21,1
23,595,9,60,1
25,1972,0,52,1
21,1361,6,54,1
61,1038,5,39,0
63,1077,7,49,1
52,1022,6,64,1
25,1352,3,86,0
55,248,2,26,0
46,1899,2,71,1
32,988,3,7,1
55,492,8,72,1
5,1851,8,62,1
36,735,1,90,0
49,510,4,88,0
58,736,0,24,0
39,838,3,40,0
61,433,1,76,0
9,1432,7,47,1
6,804,3,8,1
35,293,4,54,0
39,526,3,9,1
22,424,4,3,1
41,1166,4,54,0
5,1089,4,21,0
42,210,2,95,0
67,1552,6,48,1
30,1235,2,47,0
57,234,1,88,0
29,646,2,68,0
37,1675,2,84,1
13,1963,7,63,1
32,1443,3,16,1
46,640,2,74,0
23,852,9,90,1
45,1758,4,93,1
17,794,3,5,1
66,428,8,11,1
6,543,7,29,1
18,1303,6,79,1
22,1576,7,70,1
33,1619,4,48,1
30,1513,3,15,1
32,1678,6,84,1
42,1894,0,34,1
10,1188,5,60,0
36,1351,7,62,1
34,1925,6,2,1
28,1108,1,80,0
11,1766,6,19,1
39,1582,5,98,1
47,726,4,49,0
19,1536,3,78,1
15,274,0,88,0
28,1769,1,28,1
24,395,6,48,1
9,228,9,96,1
47,905,2,37,0
33,1220,4,74,0
62,215,7,49,1
19,1646,7,48,1
67,1812,5,73,1
40,1004,4,88,0
47,1816,1,29,1
65,1628,8,60,1
29,1139,0,29,0
50,1859,1,58,1
13,1754,0,48,1
1,1166,3,23,0
34,1837,3,27,1
48,1300,4,95,0
48,428,4,7,1
49,1161,7,49,1
64,1520,2,54,1
61,1733,5,68,1
29,914,2,78,0
39,1183,1,42,0
26,772,7,74,1
17,1761,0,59,1
71,1806,8,44,1
13,814,6,98,1
69,525,9,26,1
26,1586,3,23,1
49,1892,2,73,1
67,1074,5,8,1
7,558,8,53,1
58,1929,8,14,1
49,523,3,71,0
53,1921,9,7,1
65,1549,4,9,1
62,1848,8,3,1
17,364,1,78,0
43,1796,1,17,1
25,1827,4,44,1
3,997,0,86,0
29,654,7,46,1
32,1376,4,90,0
26,1960,9,58,1
16,1350,1,28,0
25,392,8,14,1
54,826,1,9,1
28,1997,6,26,1
56,729,7,2,1
65,1233,5,75,0
41,291,6,81,1
51,338,0,34,0
71,680,3,19,1
29,648,6,39,1
19,1556,0,82,1
66,1068,0,13,1
41,539,5,5,1
45,1275,3,50,0
15,1930,2,23,1
3,665,4,88,0
11,917,8,29,1
53,998,9,72,1
46,674,9,26,1
30,600,9,79,1
57,1662,2,57,1
18,804,4,1,1
51,1131,9,28,1
48,1196,4,62,0
66,1121,8,47,1
8,1020,9,78,1
22,856,3,98,0
6,797,0,59,0
57,1732,9,31,1
36,1376,4,70,0
57,713,0,49,0
49,1726,5,5,1
45,1995,9,31,1
66,1899,9,37,1
45,1229,6,79,1
20,699,0,15,1
64,1884,9,52,1
67,916,3,69,0
3,1341,8,92,1
54,1708,0,97,1
64,800,8,11,1
40,865,7,43,1
59,1902,4,70,1
55,667,5,23,0
62,360,6,40,1
4,469,3,63,0
60,1279,5,2,1
30,427,6,79,1
2,1048,5,87,0
62,348,5,86,0
49,1269,1,73,0
9,1367,4,47,0
31,1973,2,30,1
61,831,6,16,1
48,1563,3,59,1
25,612,0,47,0
36,1955,5,30,1
8,719,5,9,1
58,1567,6,65,1
45,586,7,59,1
62,1696,2,64,1
39,474,5,8,1
58,552,9,52,1
64,1289,1,18,1
44,1302,8,91,1
29,797,1,82,0
59,1859,2,96,1
71,1425,9,58,1
9,1885,1,49,1
6,757,8,32,1
29,312,0,48,0
58,1314,4,45,0
17,340,0,54,0
16,1512,4,85,1
3,929,7,46,1
21,788,7,96,1
64,610,7,31,1
36,576,1,37,0
62,1607,7,16,1
42,1375,4,46,0
42,950,0,46,0
61,826,6,78,1
13,1542,5,88,1
11,1592,4,89,1
54,1829,0,61,1
16,1194,0,46,0
8,1783,5,51,1
59,902,9,62,1
57,661,6,35,1
40,211,9,81,1
59,1379,9,42,1
2,1907,0,45,1
10,676,8,68,1
44,1138,3,75,0
11,600,4,47,0
2,1007,1,79,0
50,376,9,30,1
12,1564,7,24,1
23,256,1,66,0
18,647,2,43,0
62,402,8,34,1
62,1920,1,23,1
38,1856,5,61,1
67,937,3,95,0
38,401,6,37,1
67,1553,5,13,1
61,562,9,97,1
1,1091,8,71,1
45,653,8,96,1
28,555,9,7,1
21,415,3,42,0
13,1171,0,38,0
27,754,1,52,0
7,1086,7,44,1
22,222,9,64,1
53,354,7,13,1
4,1409,1,88,0
23,448,3,28,0
70,948,0,96,0
33,1004,6,82,1
28,333,3,98,0
8,520,7,98,1
1,589,8,1,1
37,633,8,43,1
63,1245,2,42,0
22,1072,4,95,0
70,1823,5,50,1
21,1888,5,60,1
35,1348,9,1,1
5,1302,7,51,1
60,1057,5,16,1
46,250,5,39,0
50,1951,3,15,1
48,375,6,33,1
6,1069,7,87,1
56,452,2,53,0
59,1165,6,98,1
29,1469,2,17,1
71,938,7,89,1
18,1329,0,6,1
2,1416,0,31,0
8,1539,5,69,1
54,501,9,40,1
38,747,8,30,1
48,915,3,69,0
27,978,5,76,0
20,467,4,7,1
12,1393,0,13,1
43,1209,5,4,1
61,750,8,50,1
31,1678,2,3,1
61,1874,2,12,1
67,1515,1,65,1
35,1787,3,27,1
15,1364,9,50,1
16,1369,2,77,0
13,1648,1,17,1
35,513,0,72,0
59,383,2,32,0
21,1887,9,84,1
54,912,5,51,0
30,327,8,17,1
48,1510,4,34,1
35,1476,2,35,0
38,899,4,99,0
31,585,4,24,0
24,1453,4,54,0
49,470,6,18,1
32,1994,4,50,1
55,1010,6,46,1
58,614,8,48,1
3,397,4,33,0
69,1546,1,87,1
10,1279,4,89,0
25,1030,7,27,1
68,1426,3,1,1
61,1844,1,85,1
29,827,9,59,1
19,803,2,10,1
43,1361,8,95,1
66,1645,8,25,1
61,1280,7,84,1
43,1785,7,57,1
25,1209,7,66,1
20,270,7,15,1
48,1110,7,28,1
24,793,0,13,1
11,1595,5,14,1
55,1840,8,66,1
28,799,7,34,1
69,713,2,99,0
63,283,0,25,0
59,1193,1,54,0
5,1266,1,79,0
51,1889,6,12,1
21,1038,5,9,1
12,805,1,31,0
50,1009,7,78,1
4,332,8,93,1
42,1618,6,53,1
38,1288,3,43,0
25,489,0,38,0
14,575,3,42,0
32,968,3,72,0
11,666,7,48,1
61,1436,3,67,0
18,1371,3,66,0
27,1796,1,16,1
55,670,9,83,1
54,348,6,94,1
21,287,3,16,1
44,1547,5,31,1
5,595,2,58,0
41,989,6,28,1
59,1627,5,4,1
54,1305,2,10,1
22,1864,3,51,1
65,1509,9,18,1
64,1605,4,47,1
71,1064,8,32,1
4,1493,5,30,0
65,1515,3,36,1
15,1676,6,9,1
22,1938,1,36,1
47,223,3,29,0
46,1155,4,16,1
14,510,3,92,0
50,1684,3,21,1
20,1431,8,64,1
50,1940,1,66,1
33,863,5,59,0
59,637,7,99,1
43,1761,7,28,1
12,905,6,55,1
40,1559,9,31,1
20,621,3,33,0
38,1973,6,87,1
3,520,9,60,1
28,1720,5,41,1
56,786,5,81,0
13,1146,1,46,0
66,1386,7,49,1
37,1764,7,65,1
49,1388,6,42,1
66,1048,8,23,1
36,1921,7,27,1
54,1789,8,89,1
26,1518,8,32,1
40,241,5,83,0
43,1508,1,88,1
22,1138,6,3,1
20,586,2,60,0
8,1361,6,76,1
29,1410,8,99,1
40,1109,9,79,1
30,915,9,17,1
55,630,1,32,0
16,753,5,7,1
46,1639,5,83,1
62,999,8,71,1
7,625,8,69,1
45,1639,4,58,1
59,225,4,40,0
56,1594,8,85,1
48,584,7,48,1
27,255,6,51,1
53,1476,7,57,1
35,833,5,71,0
51,305,2,37,0
37,1353,6,87,1
57,1048,7,75,1
8,869,7,74,1
20,575,0,85,0
53,942,6,55,1
12,1166,2,41,0
49,507,1,97,0
17,290,1,20,0
64,1616,7,33,1
42,1757,8,40,1
29,1001,2,99,0
19,309,2,34,0
11,1784,5,62,1
50,1864,9,91,1
71,784,0,19,1
58,539,5,43,0
34,1788,2,69,1
20,1178,3,63,0
50,555,8,93,1
10,367,2,10,1
32,756,0,13,1
52,1675,2,93,1
15,1104,6,5,1
3,304,6,58,1
37,349,4,59,0
40,345,0,76,0
40,915,7,59,1
56,1073,9,77,1
23,498,7,86,1
11,1390,9,15,1
64,1936,9,77,1
8,845,9,1,1
56,922,1,38,0
60,1271,9,53,1
10,837,2,52,0
39,438,3,1,1
28,1230,0,11,1
49,663,3,58,0
36,652,4,40,0
13,983,2,86,0
36,1096,9,99,1
26,570,1,60,0
4,1772,5,44,1
64,686,7,6,1
38,1434,6,28,1
22,364,0,31,0
2,1348,3,8,1
31,1560,2,5,1
11,391,5,54,0
46,929,8,17,1
62,413,8,38,1
69,773,6,9,1
64,1551,8,74,1
10,1156,7,84,1
40,580,4,78,0
24,872,8,14,1
44,1801,6,26,1
60,997,4,93,0
62,438,7,62,1
17,1755,6,91,1
65,899,8,25,1
57,1305,9,80,1
55,1586,0,36,1
53,704,8,98,1
56,401,6,80,1
9,1119,0,33,0
22,1727,0,3,1
13,1867,4,87,1
48,236,7,11,1
18,843,8,58,1
40,1812,5,64,1
17,1824,9,18,1
15,1625,7,47,1
15,964,5,44,0
63,905,5,93,0
39,1399,3,59,0
13,744,4,50,0
32,1793,1,69,1
9,1690,2,88,1
40,1424,2,29,0
20,739,4,93,0
63,1770,4,90,1
44,1216,5,67,0
38,1860,4,2,1
60,593,5,25,0
71,1032,7,19,1
48,1265,1,40,0
18,796,3,2,1
16,592,5,83,0
55,899,4,65,0
39,1846,0,62,1
68,640,8,91,1
59,1840,2,54,1
62,1729,1,45,1
13,1117,8,49,1
6,519,6,99,1
60,752,4,69,0
14,1438,5,38,0
54,1294,3,4,1
4,767,0,17,1
39,1118,3,53,0
25,435,8,85,1
32,1504,0,53,1
59,1186,9,31,1
63,1840,2,22,1
38,1385,4,11,1
53,1414,6,34,1
67,1232,8,15,1
28,259,5,10,1
3,1092,2,96,0
22,424,6,53,1
38,899,3,48,0
62,781,2,31,0
57,1510,6,37,1
6,1193,6,28,1
32,368,3,31,0
10,1285,6,70,1
3,1572,1,14,1
59,1665,0,87,1
49,213,1,16,1
59,363,3,25,0
31,1643,7,39,1
69,956,2,66,0
62,1743,9,38,1
52,1889,5,41,1
41,1771,5,98,1
31,1783,8,40,1
22,1820,8,64,1
4,1251,3,89,0
13,1931,8,16,1
45,645,5,82,0
42,1431,1,77,0
49,1693,9,59,1
20,915,5,91,0
54,1175,1,98,0
36,1018,7,11,1
1,303,3,1,1
15,941,4,13,1
17,625,7,30,1
24,1324,7,69,1
58,1764,5,18,1
23,838,3,78,0
46,1049,0,13,1
8,1745,6,32,1
59,1329,7,71,1
59,1902,8,72,1
13,968,1,50,0
39,476,0,71,0
28,1288,3,80,0
61,1099,4,31,0
16,387,9,51,1
2,1540,0,27,1
17,1361,4,60,0
30,1566,5,33,1
13,304,2,53,0
13,745,6,93,1
43,579,5,72,0
21,309,3,33,0
55,744,2,41,0
40,553,4,19,1
15,942,2,85,0
52,516,9,41,1
53,1489,8,85,1
52,1917,8,89,1
30,1288,5,42,0
33,532,5,23,0
57,1736,3,75,1
52,1356,3,33,0
9,791,1,20,0
54,982,9,25,1
1,1976,3,90,1
44,739,7,52,1
9,934,9,12,1
32,1758,1,32,1
15,1719,8,33,1
12,820,0,74,0
57,818,1,68,0
8,1880,1,15,1
27,1592,5,51,1
62,1108,6,6,1
12,1874,2,91,1
65,1191,8,69,1
42,298,4,69,0
62,516,4,82,0
11,322,3,92,0
43,1543,8,35,1
17,998,7,86,1
32,1816,3,34,1
40,1718,3,63,1
23,656,1,68,0
56,721,8,18,1
6,719,2,26,0
50,1116,3,86,0
37,916,6,97,1
64,514,9,61,1
54,908,7,78,1
49,909,7,95,1
11,1765,3,74,1
49,1702,6,88,1
21,1243,9,85,1
66,759,0,48,0
63,1168,5,72,0
28,1353,5,96,0
17,1516,5,31,1
6,1355,1,34,0
19,555,7,87,1
56,1277,4,89,0
28,1089,4,7,1
66,992,1,83,0
38,1610,3,7,1
37,464,8,47,1
68,1181,8,8,1
49,1438,5,78,0
43,1683,8,1,1
36,1681,3,77,1
58,1001,0,3,1
13,242,1,53,0
52,1809,0,92,1
58,1061,7,38,1
32,1501,8,51,1
60,1977,9,15,1
58,1353,5,67,0
56,549,1,64,0
28,1929,5,68,1
1,1767,8,5,1
42,1329,2,90,0
48,1111,8,89,1
40,1939,1,10,1
63,200,4,8,1
4,1980,1,12,1
38,783,6,64,1
27,631,9,59,1
9,1529,8,67,1
16,1750,6,91,1
56,252,4,50,0
31,1139,3,23,0
14,719,3,40,0
25,1553,9,97,1
34,1781,7,78,1
67,1548,9,87,1
24,1337,9,95,1
26,346,9,77,1
20,1389,9,76,1
64,1602,9,99,1
10,1362,0,18,1
67,828,4,21,0
24,498,1,1,1
5,1499,8,38,1
67,988,6,41,1
58,1049,9,42,1
27,377,7,9,1
15,1041,5,23,0
35,1577,8,78,1
53,1377,5,11,1
44,1424,6,71,1
26,1077,6,31,1
47,1338,8,88,1
34,1894,7,26,1
50,1777,0,30,1
12,958,3,34,0
4,1291,6,46,1
48,1668,7,69,1
55,644,6,5,1
1,1549,2,61,1
66,907,3,83,0
30,801,6,38,1
3,1846,7,28,1
21,1582,6,26,1
49,344,5,61,0
62,474,8,23,1
38,708,8,46,1
15,1402,6,30,1
52,952,7,67,1
46,676,5,92,0
25,1637,0,33,1
21,1376,0,3,1
5,1327,5,69,0
70,1298,1,83,0
47,1351,7,42,1
68,1934,0,62,1
18,865,1,58,0
21,767,7,57,1
23,1568,5,1,1
64,730,9,73,1
67,358,1,60,0
40,1761,1,69,1
10,1649,6,59,1
52,880,4,46,0
61,222,4,34,0
64,1270,7,97,1
5,724,6,25,1
53,928,8,42,1
55,1929,3,29,1
37,343,9,25,1
56,1808,3,54,1
59,867,1,73,0
69,1812,2,67,1
59,1642,0,15,1
2,880,0,4,1
65,1172,6,38,1
60,998,4,20,0
51,284,2,23,0
30,615,6,37,1
11,893,1,62,0
39,681,2,8,1
63,655,0,37,0
64,1026,7,45,1
61,496,1,97,0
54,1335,6,33,1
58,1453,8,7,1
56,1319,5,22,0
34,1149,1,5,1
31,879,1,15,1
52,577,8,21,1
1,1379,9,89,1
55,620,7,17,1
22,304,8,56,1
40,1928,3,50,1
1,529,3,7,1
65,638,1,50,0
63,1355,9,60,1
54,581,0,83,0
42,337,9,7,1
21,1142,3,40,0
22,1042,9,45,1
38,469,9,59,1
8,1773,7,88,1
62,595,1,75,0
47,1780,7,55,1
17,1112,0,64,0
17,663,0,65,0
13,1898,3,54,1
17,649,6,96,1
38,1554,8,40,1
45,1476,4,53,0
6,1904,1,44,1
35,1508,6,63,1
14,1497,1,2,1
61,219,8,79,1
15,438,8,21,1
54,1493,2,88,0
27,617,7,50,1
13,1533,3,81,1
31,1254,2,52,0
35,1327,0,9,1
60,1905,4,99,1
6,385,3,20,0
69,1351,0,83,0
58,1433,9,18,1
49,1637,7,84,1
23,1504,7,30,1
34,452,7,65,1
26,218,2,24,0
47,911,5,88,0
5,1955,6,47,1
20,1359,8,83,1
6,422,4,94,0
70,202,8,90,1
59,1459,5,44,0
64,1053,9,29,1
18,1688,9,77,1
4,427,9,68,1
17,1112,3,17,1
14,1877,0,97,1
13,698,0,5,1
7,720,9,92,1
44,901,4,88,0
15,1116,2,81,0
19,1900,4,50,1
63,1362,4,40,0
35,1499,0,46,0
35,490,7,51,1
19,1276,4,11,1
20,1910,4,12,1
35,1333,8,13,1
32,914,7,64,1
48,1147,0,8,1
44,847,2,65,0
24,1227,6,9,1
61,1890,0,92,1
17,883,0,2,1
71,1069,4,78,0
50,1270,8,13,1
65,293,5,2,1
32,1139,9,68,1
36,759,1,76,0
13,1975,8,48,1
70,412,5,74,0
58,635,4,3,1
14,1051,4,68,0
37,707,2,6,1
68,1035,5,87,0
40,850,3,5,1
59,404,9,3,1
16,580,1,10,1
62,1296,2,43,0
4,1739,8,19,1
45,1299,8,14,1
28,276,5,21,0
66,1015,9,43,1
31,967,9,28,1
3,609,8,21,1
8,1837,3,36,1
24,305,4,24,0
15,750,9,54,1
43,1699,5,38,1
31,1025,8,17,1
45,1498,4,22,0
66,287,7,83,1
8,1946,0,45,1
71,1080,4,74,0
57,1300,9,61,1
30,1300,0,11,1
18,1665,9,61,1
69,739,5,38,0
39,444,6,66,1
60,777,4,33,0
43,1605,0,43,1
45,1181,5,31,0
23,916,9,35,1
69,1793,4,37,1
6,1936,5,47,1
56,1960,9,23,1
4,341,6,36,1
23,1092,6,40,1
6,1591,1,90,1
32,1307,2,89,0
18,1366,5,81,0
15,551,2,15,1
40,744,1,37,0
6,1112,3,4,1
63,351,4,22,0
67,1381,9,81,1
11,1669,8,22,1
43,852,2,81,0
17,1157,2,78,0
4,962,5,78,0
63,1526,4,17,1
68,823,5,72,0
41,855,6,98,1
5,649,2,90,0
32,920,4,94,0
70,1447,7,86,1
35,242,3,80,0
22,463,9,94,1
65,1979,1,80,1
22,1226,3,38,0
11,1860,1,24,1
3,1491,2,99,0
9,795,3,6,1
60,1239,3,68,0
14,1557,9,82,1
18,1687,8,6,1
23,1282,9,26,1
47,1212,5,91,0
69,376,8,41,1
47,262,3,75,0
30,1157,8,38,1
25,1202,8,80,1
28,760,5,83,0
25,1530,4,43,1
58,1469,2,53,0
41,1512,4,15,1
25,1154,2,90,0
48,1555,4,56,1
10,1750,4,56,1
11,1049,1,31,0
21,1478,8,83,1
45,803,6,57,1
7,1733,5,51,1
64,1941,4,24,1
64,805,3,58,0
2,1960,7,73,1
42,1029,1,87,0
54,1686,7,4,1
16,1422,0,10,1
18,1494,9,63,1
59,945,0,73,0
16,757,2,83,0
6,263,4,15,1
57,1453,5,98,0
47,1141,3,63,0
48,448,6,19,1
42,1469,6,63,1
60,1139,1,56,0
4,1810,1,21,1
2,356,1,34,0
59,934,1,17,1
27,1925,8,18,1
27,1184,4,81,0
7,1787,7,66,1
63,1311,4,51,0
46,1536,4,65,1
63,1289,0,43,0
12,861,5,57,0
13,1243,3,10,1
43,232,2,37,0
17,757,5,48,0
63,272,1,69,0
36,1024,7,56,1
8,1566,0,76,1
69,1356,8,36,1
36,1278,7,31,1
28,260,0,55,0
47,1743,9,38,1
30,471,8,73,1
23,445,1,90,0
16,1399,2,15,1
14,827,1,16,1
71,1540,7,77,1
52,904,1,89,0
37,861,9,94,1
29,1354,1,53,0
67,1325,0,56,0
15,509,6,7,1
47,1515,1,57,1
46,1945,9,55,1
52,694,4,52,0
19,1584,4,4,1
21,537,2,43,0
64,778,2,40,0
37,209,2,30,0
27,248,5,10,1
55,1710,3,94,1
29,822,2,7,1
20,1544,1,36,1
25,930,2,35,0
70,1792,3,88,1
63,994,5,39,0
36,1170,3,36,0
2,1848,7,20,1
22,332,2,49,0
16,1806,2,96,1
18,282,2,59,0
69,256,7,49,1
54,575,3,90,0
30,548,0,26,0
45,470,1,36,0
19,1706,9,43,1
34,310,1,99,0
13,1068,2,43,0
43,1086,5,99,0
62,275,7,76,1
22,1381,0,33,0
52,1755,8,78,1
52,1866,0,97,1
36,528,9,45,1
19,321,1,45,0
38,240,2,88,0
70,1390,6,15,1
57,1121,8,95,1
20,841,2,17,1
9,1246,7,12,1
32,478,8,22,1
4,962,9,23,1
50,668,6,90,1
5,1623,3,78,1
20,208,3,12,1
37,212,3,68,0
22,1123,5,51,0
58,1122,3,13,1
68,1275,4,57,0
44,1432,8,55,1
34,1773,6,82,1
42,1835,7,28,1
9,1928,4,44,1
7,1625,4,19,1
68,1414,6,46,1
19,1274,7,3,1
31,1616,8,83,1
35,852,1,20,0
57,1903,2,25,1
61,820,1,75,0
31,1942,9,56,1
53,1523,6,81,1
32,1845,1,61,1
66,395,1,55,0
59,616,1,35,0
10,863,3,78,0
2,1643,0,59,1
66,1978,1,39,1
60,1863,2,57,1
17,1840,6,83,1
16,1745,9,67,1
16,1579,0,34,1
46,347,5,41,0
39,1200,2,22,0
31,1588,2,27,1
1,563,3,21,0
11,1875,3,41,1
4,1925,6,31,1
71,601,2,27,0
26,805,7,37,1
50,1715,7,66,1
12,428,6,54,1
65,1798,1,9,1
47,736,4,83,0
53,467,5,42,0
71,1628,9,36,1
2,1234,3,10,1
24,1543,9,59,1
4,1936,4,40,1
19,325,8,54,1
26,505,6,39,1
40,1925,1,7,1
50,1734,0,4,1
43,1312,1,15,1
67,1578,2,76,1
12,827,1,48,0
67,1575,2,6,1
27,888,9,73,1
54,1237,8,35,1
66,1480,3,72,0
49,1432,8,71,1
16,480,2,68,0
2,642,0,58,0
60,1036,4,77,0
54,588,9,19,1
30,816,9,62,1
38,1706,1,71,1
28,346,3,10,1
25,1502,1,25,1
10,720,1,44,0
60,829,2,99,0
42,1829,4,58,1
40,633,3,25,0
42,343,1,93,0
47,488,9,76,1
37,1609,1,40,1
22,213,5,76,0
57,456,6,70,1
27,1569,9,10,1
41,1921,5,66,1
34,1568,6,25,1
32,1623,0,71,1
66,1430,5,87,0
12,1057,2,11,1
40,1142,0,36,0
10,1395,7,49,1
48,663,3,48,0
20,469,9,87,1
39,1444,7,7,1
60,1375,9,91,1
66,822,3,77,0
65,1406,3,51,0
51,1622,9,17,1
36,271,3,32,0
24,1641,5,26,1
27,1506,8,22,1
2,273,4,13,1
31,554,9,12,1
57,1950,7,71,1
66,696,7,1,1
29,1551,3,33,1
15,1187,9,14,1
12,1758,8,64,1
28,779,8,43,1
24,1109,4,58,0
21,1670,5,41,1
10,572,4,81,0
18,561,2,68,0
14,292,7,39,1
34,1544,8,1,1
58,523,3,41,0
22,583,8,45,1
70,774,8,88,1
36,935,6,98,1
45,936,7,98,1
36,545,2,88,0
22,1326,4,79,0
61,1438,2,81,0
56,1415,6,13,1
33,1895,5,71,1
45,918,2,9,1
36,980,8,63,1
20,1219,0,99,0
18,1417,9,23,1
38,1603,2,54,1
67,1626,9,47,1
23,863,6,39,1
16,1972,2,87,1
59,799,2,26,0
69,210,1,1,1
68,386,8,14,1
21,925,3,96,0
70,1238,9,74,1
12,977,5,65,0
16,1520,1,69,1
14,610,8,67,1
61,1155,6,49,1
71,784,9,50,1
46,1275,4,58,0
32,1863,6,53,1
15,1251,3,91,0
44,776,9,57,1
17,1240,6,86,1
41,1574,1,18,1
54,1651,6,16,1
44,1873,3,2,1
5,1452,3,13,1
27,1989,0,45,1
43,1188,2,80,0
31,1433,4,72,0
17,1654,4,43,1
54,1517,1,72,1
62,942,3,54,0
32,1976,0,74,1
40,1805,8,97,1
13,1327,0,31,0
35,403,5,76,0
5,1276,6,9,1
29,1173,2,73,0
70,1139,0,48,0
25,1598,6,18,1
22,1277,2,94,0
66,1499,9,96,1
45,1558,5,87,1
69,1254,5,11,1
1,1358,3,62,0
44,1281,5,84,0
39,304,9,19,1
54,1489,3,90,0
29,1745,7,74,1
54,1719,8,24,1
16,452,1,13,1
20,494,6,46,1
46,867,8,53,1
67,1381,8,98,1
65,748,4,29,0
58,830,0,36,0
53,1290,5,71,0
1,1977,7,94,1
66,498,0,17,1
29,1686,1,48,1
70,1948,0,77,1
8,300,4,24,0
29,1279,1,54,0
51,531,9,95,1
33,1035,9,91,1
3,1974,3,85,1
60,592,0,1,1
35,1966,6,79,1
69,1073,7,67,1
20,580,4,6,1
39,291,1,78,0
4,646,7,55,1
19,308,0,38,0
45,516,6,33,1
43,1391,0,8,1
13,1658,5,90,1
13,641,5,79,0
60,417,4,78,0
57,1445,1,20,0
52,872,1,55,0
53,1751,8,48,1
43,477,4,83,0
42,1208,4,56,0
26,768,6,97,1
23,1797,5,88,1
43,1209,1,10,1
28,1074,0,52,0
9,665,4,50,0
20,1038,3,34,0
56,953,2,36,0
39,1825,1,61,1
51,1807,9,16,1
12,1037,1,79,0
55,229,3,18,1
11,558,1,71,0
26,1511,3,47,1
42,285,2,86,0
27,1457,8,32,1
11,946,6,43,1
38,512,2,83,0
43,564,7,40,1
19,1104,8,65,1
64,1492,6,35,1
6,897,5,69,0
46,330,3,50,0
42,1002,4,12,1
65,988,7,76,1
59,550,2,85,0
52,379,1,58,0
47,1703,2,83,1
7,1386,6,63,1
11,1319,7,73,1
61,973,0,49,0
68,709,6,36,1
25,564,8,54,1
12,1180,2,47,0
26,552,2,32,0
12,999,7,99,1
43,1659,3,95,1
51,1306,7,53,1
37,1448,4,32,0
46,611,2,62,0
53,934,3,37,0
13,1180,3,96,0
54,317,7,38,1
57,681,5,30,0
4,391,6,58,1
49,790,8,32,1
7,789,5,66,0
11,858,2,51,0
54,306,2,11,1
45,581,2,59,0
23,982,9,20,1
28,589,1,37,0
57,443,0,73,0
26,784,9,49,1
25,1068,0,19,1
54,667,3,55,0
29,1065,2,40,0
36,1133,4,7,1
14,1761,8,5,1
35,1433,7,42,1
30,803,8,88,1
17,1860,4,48,1
67,1214,7,7,1
30,1296,3,11,1
45,1858,4,73,1
51,1532,2,49,1
47,1919,4,30,1
53,1922,2,41,1
64,1933,4,3,1
38,1813,4,86,1
64,1059,5,40,0
7,1409,8,51,1
22,1476,0,84,0
41,212,9,32,1
10,498,5,48,0
57,1299,0,71,0
7,1274,5,71,0
50,986,1,20,0
52,348,7,89,1
33,1954,2,35,1
1,321,9,24,1
53,1434,5,40,0
60,1503,5,77,1
34,737,3,52,0
4,1908,4,39,1
17,1379,1,68,0
4,1461,9,61,1
43,575,9,76,1
4,281,7,81,1
1,691,9,65,1
71,555,6,62,1
50,1124,9,81,1
61,1496,5,2,1
35,1803,6,6,1
8,1267,0,75,0
24,1204,4,43,0
36,1796,6,82,1
50,322,0,40,0
43,1572,1,89,1
27,907,8,39,1
32,529,2,28,0
18,1632,5,80,1
28,1190,6,63,1
29,522,8,64,1
16,1334,4,12,1
47,969,3,41,0
59,1312,1,29,0
31,632,2,23,0
4,909,4,85,0
37,993,1,80,0
17,911,3,51,0
39,1322,0,45,0
48,738,3,90,0
46,800,6,22,1
48,1369,2,10,1
39,1917,9,7,1
4,456,7,73,1
30,1412,5,89,0
30,1463,5,15,1
22,1070,0,77,0
66,1098,4,46,0
12,1726,2,90,1
36,1931,9,85,1
18,1008,0,87,0
53,876,7,61,1
71,470,6,92,1
1,1743,6,61,1
58,749,9,51,1
6,1337,9,38,1
70,1562,9,12,1
44,767,3,88,0
24,1185,5,77,0
19,558,8,66,1
18,1873,2,54,1
30,1837,8,39,1
42,1557,3,76,1
33,1912,4,39,1
12,1392,6,78,1
27,1562,5,30,1
39,997,9,48,1
9,1484,7,83,1
21,1086,7,31,1
29,1958,7,25,1
33,1422,2,68,0
62,410,9,51,1
15,486,5,13,1
2,1915,6,63,1
52,1985,8,42,1
44,942,9,54,1
54,1695,9,67,1
18,1705,3,80,1
3,1246,4,90,0
7,1783,7,56,1
43,1332,0,19,1
38,495,5,46,0
37,205,3,15,1
58,749,4,32,0
33,880,4,49,0
59,994,1,21,0
11,402,7,65,1
68,524,1,70,0
68,1024,3,27,0
22,443,4,23,0
66,526,0,47,0
44,1186,5,95,0
6,1270,1,12,1
42,960,4,85,0
25,1814,5,66,1
57,1845,7,5,1
55,1236,8,9,1
16,1106,5,20,0
14,1603,4,82,1
39,564,3,63,0
28,1825,1,86,1
51,1565,1,72,1
49,1444,6,98,1
9,272,4,73,0
58,1969,6,71,1
45,1995,0,30,1
22,1848,0,82,1
32,1269,4,91,0
69,1727,1,16,1
69,473,7,85,1
42,1778,2,5,1
53,407,0,29,0
59,1838,1,47,1
39,323,9,22,1
15,1233,9,78,1
71,1552,6,57,1
29,1410,5,83,0
3,742,7,35,1
10,1891,6,88,1
29,259,9,60,1
35,1984,7,70,1
6,1098,2,60,0
12,1085,5,58,0
38,981,6,3,1
19,641,9,34,1
67,1440,0,45,0
8,1110,0,50,0
8,1225,6,2,1
47,1759,2,15,1
4,1941,2,37,1
51,1031,4,15,1
67,1207,5,60,0
45,1934,1,96,1
8,1579,2,85,1
16,825,5,64,0
67,1890,2,81,1
9,1388,4,98,0
60,1197,8,96,1
71,933,2,52,0
15,290,5,23,0
71,366,4,99,0
41,1158,4,37,0
22,406,5,41,0
24,1505,5,57,1
44,1288,0,97,0
1,715,8,25,1
10,1380,4,37,0
56,1984,0,40,1
50,1992,7,85,1
12,946,6,46,1
60,505,6,60,1
26,594,4,98,0
41,1297,0,19,1
36,386,8,91,1
23,1797,8,9,1
43,1560,7,69,1
6,1899,4,5,1
69,1791,2,89,1
43,822,7,26,1
25,929,0,19,1
18,439,2,30,0
62,732,6,48,1
13,340,3,16,1
43,1488,6,71,1
28,338,4,18,1
18,658,5,56,0
59,269,6,21,1
60,584,9,31,1
63,829,6,1,1
57,397,6,3,1
51,404,6,95,1
56,1949,6,25,1
27,767,2,8,1
32,1181,2,65,0
9,1004,6,62,1
68,1910,1,7,1
46,1058,1,7,1
67,1081,2,8,1
26,1173,3,19,1
8,839,5,17,1
6,1654,7,11,1
24,524,9,49,1
48,641,9,11,1
45,1003,6,41,1
13,487,3,62,0
69,425,1,52,0
25,1287,1,66,0
20,1166,3,68,0
66,1137,5,92,0
45,759,2,97,0
47,913,5,75,0
63,697,4,67,0
55,1048,4,40,0
19,1125,1,5,1
35,259,7,85,1
53,1620,4,22,1
26,456,1,37,0
14,776,6,11,1
45,438,8,44,1
44,237,8,86,1
65,224,0,53,0
51,609,6,77,1
43,660,8,61,1
23,1794,5,67,1
56,1187,0,13,1
19,1640,1,92,1
55,556,3,11,1
60,582,3,11,1
59,1381,1,85,0
33,768,7,85,1
19,1656,1,7,1
28,1271,2,17,1
52,1551,3,48,1
49,632,8,14,1
37,1654,9,63,1
26,255,0,64,0
40,776,7,97,1
38,467,4,75,0
54,268,6,77,1
22,1951,7,65,1
16,1101,4,34,0
28,1824,7,9,1
35,1672,9,77,1
60,992,7,37,1
